mid. -1 eos -1 -1 eos mid.	0 3 2	0 3 2
+1 eos fin. fin. fin. eos ini. eos +1 eos fin. mid.	0 1	0 1
mid. eos -1 eos rep. ini. mid.	0 3	0 3
+1 eos -1 eos ini. ini. -1	0 1	0 1
mid. rep. +1 ini. +1 -1 +1 -1 ini. ini. ini. -1	0 5 4 5 4 5 4 5 4 5 4 5 4 5 4 5 4 5 4	0 5 4 5 4 5 4 5 4 5 4 5 4 5 4 5 4 5 4
+1 eos ini. eos fin. ini. rep. -1 mid.	0 1	0 1
mid. +1 -1 ini. rep. rep. ini. ini. -1 eos fin. mid.	0 5 5 5 5 5 5 5 5 5 5 5 5 5 5 5 5 5 5	0 5 5 5 5 5 5 5 5 5 5 5 5 5 5 5 5 5 5
mid. rep. eos ini. fin. ini. eos ini. eos -1	0 4 9 8	0 4 9 8
+1 +1 eos +1 ini. -1 eos rep. -1 fin. mid.	0 1 2	0 1 2
mid. fin. rep. eos +1 ini. eos +1 eos rep. eos rep. mid.	0 6	0 6
+1 -1 +1 -1 fin. fin. rep. -1 fin. -1	0 1 0 1 0 1 0 1 0 1 0 1 0 1 0 1 0 1 0	0 1 0 1 0 1 0 1 0 1 0 1 0 1 0 1 0 1 0
mid. rep. ini. +1 -1 ini. eos eos +1 fin. rep. -1	0 5 0 5 0 5 0 5 0 5 0 5 0 5 0 5 0 5 0	0 5 0 5 0 5 0 5 0 5 0 5 0 5 0 5 0 5 0
mid. -1 eos +1 rep. +1 eos ini. +1 ini. rep. ini. fin. mid.	0 6	0 6
+1 fin. eos ini. rep. ini. -1 rep. eos mid.	0 1 9 4 4 4 4 4 4 4 4 4 4 4 4 4 4 4 4	0 1 9 4 4 4 4 4 4 4 4 4 4 4 4 4 4 4 4
mid. fin. fin. ini. rep. -1 ini. -1 ini. -1	0 4 4 4 4 4 4 4 4 4 4 4 4 4 4 4 4 4 4	0 4 4 4 4 4 4 4 4 4 4 4 4 4 4 4 4 4 4
mid. -1 ini. fin. eos eos mid.	0 3 6 3 6 3 6 3 6 3 6 3 6 3 6 3 6 3 6	0 3 6 3 6 3 6 3 6 3 6 3 6 3 6 3 6 3 6
+1 eos -1 +1 rep. fin. +1 +1 mid.	0 1	0 1
mid. -1 ini. ini. -1 ini. -1 -1 fin. rep. eos ini. ini. -1	0 6 5 0 6 5 0 6 5 0 6 5 0 6 5 0 6 5 0	0 6 5 0 6 5 0 6 5 0 6 5 0 6 5 0 6 5 0
+1 fin. eos fin. rep. ini. +1 eos mid.	0 1 8 4 4 4 4 4 4 4 4 4 4 4 4 4 4 4 4	0 1 8 4 4 4 4 4 4 4 4 4 4 4 4 4 4 4 4
mid. ini. -1 -1 fin. ini. rep. +1 fin. rep. ini. +1 -1	0 6 6 6 6 6 6 6 6 6 6 6 6 6 6 6 6 6 6	0 6 6 6 6 6 6 6 6 6 6 6 6 6 6 6 6 6 6
+1 eos eos +1 -1 ini. eos rep. eos rep. rep. mid.	0 1	0 1
mid. rep. rep. -1 eos ini. -1	0 3 2 1 0 3 2 1 0 3 2 1 0 3 2 1 0 3 2	0 3 2 1 0 3 2 1 0 3 2 1 0 3 2 1 0 3 2
+1 fin. rep. rep. fin. rep. fin. eos eos +1 eos mid.	0 1 11 5 5 5 5 5 5 5 5 5 5 5 5 5 5 5 5	0 1 11 5 5 5 5 5 5 5 5 5 5 5 5 5 5 5 5
+1 rep. -1 fin. rep. ini. eos eos mid.	0 1 2 1 0 1 2 1 0 1 2 1 0 1 2 1 0 1 2	0 1 2 1 0 1 2 1 0 1 2 1 0 1 2 1 0 1 2
mid. -1 +1 rep. +1 ini. -1 ini. eos ini. +1 +1 fin. eos -1	0 7 0 7 0 7 0 7 0 7 0 7 0 7 0 7 0 7 0	0 7 0 7 0 7 0 7 0 7 0 7 0 7 0 7 0 7 0
+1 eos eos ini. eos ini. fin. eos rep. mid.	0 1	0 1
+1 rep. fin. fin. +1 fin. +1 -1 -1 ini. ini. +1 -1	0 1 2 12 11 12 11 12 11 12 11 12 11 12 11 12 11 12 11	0 1 2 12 11 12 11 12 11 12 11 12 11 12 11 12 11 12 11
mid. ini. rep. ini. eos eos -1 rep. eos ini. rep. +1 mid.	0 6 5	0 6 5
mid. ini. ini. eos +1 rep. eos -1 -1 -1 fin. ini. ini. rep. mid.	0 7 6	0 7 6
mid. -1 eos eos eos fin. mid.	0 3	0 3
mid. eos ini. eos +1 ini. rep. -1 -1 fin. ini. +1 mid.	0 6 6 6 6 6 6 6 6 6 6 6 6 6 6 6 6 6 6	0 6 6 6 6 6 6 6 6 6 6 6 6 6 6 6 6 6 6
mid. +1 eos eos eos ini. mid.	0 3	0 3
mid. eos -1 -1 +1 -1 rep. rep. fin. mid.	0 4 5 4 5 4 5 4 5 4 5 4 5 4 5 4 5 4 5	0 4 5 4 5 4 5 4 5 4 5 4 5 4 5 4 5 4 5
mid. +1 rep. rep. +1 ini. -1 eos ini. -1 +1 eos -1 +1 mid.	0 7	0 7
+1 rep. ini. fin. +1 eos +1 mid.	0 1 2 0 1 2 0 1 2 0 1 2 0 1 2 0 1 2 0	0 1 2 0 1 2 0 1 2 0 1 2 0 1 2 0 1 2 0
mid. rep. rep. eos eos -1 -1 rep. -1 -1 ini. eos rep. -1	0 6 5 4	0 6 5 4
mid. rep. fin. rep. fin. fin. eos fin. -1 rep. -1	0 5 10 9 8 7 10 9 8 7 10 9 8 7 10 9 8 7 10	0 5 10 9 8 7 10 9 8 7 10 9 8 7 10 9 8 7 10
+1 eos -1 +1 -1 +1 fin. mid.	0 1	0 1
+1 +1 rep. fin. fin. rep. rep. -1	0 1 2 3 7 6 5 4 7 6 5 4 7 6 5 4 7 6 5	0 1 2 3 7 6 5 4 7 6 5 4 7 6 5 4 7 6 5
+1 eos eos eos rep. -1 eos -1 mid.	0 1	0 1
mid. -1 ini. fin. rep. eos +1 fin. eos +1 -1	0 5	0 5
mid. +1 +1 rep. +1 fin. rep. eos eos eos mid.	0 5 10 5 10 5 10 5 10 5 10 5 10 5 10 5 10 5 10	0 5 10 5 10 5 10 5 10 5 10 5 10 5 10 5 10 5 10
mid. eos eos -1 ini. rep. fin. -1 -1	0 4 0 4 0 4 0 4 0 4 0 4 0 4 0 4 0 4 0	0 4 0 4 0 4 0 4 0 4 0 4 0 4 0 4 0 4 0
+1 eos -1 fin. ini. rep. rep. -1 fin. eos rep. +1 rep. eos mid.	0 1	0 1
+1 mid. fin. +1 rep. +1 eos eos eos -1 eos -1 +1 mid.	0 1 6	0 1 6
+1 fin. rep. +1 rep. rep. eos rep. eos +1 -1 +1 mid.	0 1 12 6	0 1 12 6
mid. +1 +1 -1 ini. fin. -1 mid.	0 3 2 3 2 3 2 3 2 3 2 3 2 3 2 3 2 3 2	0 3 2 3 2 3 2 3 2 3 2 3 2 3 2 3 2 3 2
+1 -1 rep. +1 rep. eos eos eos eos -1 -1	0 1 0 1 0 1 0 1 0 1 0 1 0 1 0 1 0 1 0	0 1 0 1 0 1 0 1 0 1 0 1 0 1 0 1 0 1 0
+1 rep. +1 eos fin. eos +1 eos -1	0 1 2 3	0 1 2 3
+1 rep. -1 +1 fin. +1 rep. -1 rep. +1 fin. -1 fin. eos -1	0 1 2 1 0 1 2 1 0 1 2 1 0 1 2 1 0 1 2	0 1 2 1 0 1 2 1 0 1 2 1 0 1 2 1 0 1 2
+1 +1 eos rep. eos -1 mid.	0 1 2	0 1 2
+1 eos +1 fin. rep. fin. rep. ini. eos eos ini. -1 -1	0 1	0 1
mid. -1 rep. fin. eos ini. ini. eos fin. mid.	0 4	0 4
mid. rep. fin. -1 rep. ini. +1 mid.	0 3 2 7 3 2 7 3 2 7 3 2 7 3 2 7 3 2 7	0 3 2 7 3 2 7 3 2 7 3 2 7 3 2 7 3 2 7
+1 eos eos ini. -1 -1 ini. -1 fin. +1 eos -1	0 1	0 1
mid. +1 fin. -1 eos eos ini. +1 ini. ini. ini. -1	0 5	0 5
mid. fin. fin. ini. fin. fin. rep. eos mid.	0 4 8 4 8 4 8 4 8 4 8 4 8 4 8 4 8 4 8	0 4 8 4 8 4 8 4 8 4 8 4 8 4 8 4 8 4 8
mid. eos -1 fin. +1 rep. rep. mid.	0 3 7 3 7 3 7 3 7 3 7 3 7 3 7 3 7 3 7	0 3 7 3 7 3 7 3 7 3 7 3 7 3 7 3 7 3 7
+1 ini. eos fin. +1 ini. rep. fin. ini. mid. fin. eos ini. mid.	0 1 0 1 0 1 0 1 0 1 0 1 0 1 0 1 0 1 0	0 1 0 1 0 1 0 1 0 1 0 1 0 1 0 1 0 1 0
+1 fin. fin. fin. ini. eos -1 eos ini. mid.	0 1 9 4 0 1 9 4 0 1 9 4 0 1 9 4 0 1 9	0 1 9 4 0 1 9 4 0 1 9 4 0 1 9 4 0 1 9
mid. ini. fin. fin. -1 eos ini. fin. +1 ini. rep. mid.	0 5	0 5
mid. ini. ini. eos rep. -1 ini. +1 ini. fin. mid.	0 5 4 3	0 5 4 3
+1 ini. +1 +1 -1 eos +1 rep. ini. -1 eos ini. mid.	0 1 0 1 0 1 0 1 0 1 0 1 0 1 0 1 0 1 0	0 1 0 1 0 1 0 1 0 1 0 1 0 1 0 1 0 1 0
+1 rep. rep. ini. +1 eos rep. fin. eos ini. +1 +1 fin. mid.	0 1 2 3 0 1 2 3 0 1 2 3 0 1 2 3 0 1 2	0 1 2 3 0 1 2 3 0 1 2 3 0 1 2 3 0 1 2
+1 eos rep. eos fin. eos -1	0 1	0 1
mid. eos eos eos eos ini. eos rep. mid.	0 4	0 4
+1 ini. eos +1 eos -1 +1 -1 rep. -1	0 1 0 1 0 1 0 1 0 1 0 1 0 1 0 1 0 1 0	0 1 0 1 0 1 0 1 0 1 0 1 0 1 0 1 0 1 0
mid. -1 eos +1 eos fin. +1 ini. eos +1 -1	0 5 10 9 10 9 10 9 10 9 10 9 10 9 10 9 10 9 10	0 5 10 9 10 9 10 9 10 9 10 9 10 9 10 9 10 9 10
mid. eos ini. -1 eos +1 -1 ini. -1 -1	0 4	0 4
mid. +1 fin. +1 rep. rep. eos fin. +1 fin. rep. +1 -1	0 6	0 6
+1 rep. fin. eos fin. eos mid.	0 1 2 6 3	0 1 2 6 3
mid. eos -1 +1 eos fin. fin. -1	0 3 4	0 3 4
+1 eos ini. rep. ini. eos rep. rep. -1 fin. +1 eos +1 mid.	0 1	0 1
mid. eos fin. +1 fin. -1 -1 -1 -1 fin. -1 ini. eos -1	0 6 5 4 13 12	0 6 5 4 13 12
+1 rep. ini. -1 -1 eos rep. rep. fin. +1 eos mid.	0 1 2 0 1 2 0 1 2 0 1 2 0 1 2 0 1 2 0	0 1 2 0 1 2 0 1 2 0 1 2 0 1 2 0 1 2 0
+1 +1 rep. eos ini. ini. -1 fin. fin. -1 fin. fin. -1 -1	0 1 2 3	0 1 2 3
mid. eos fin. ini. ini. fin. ini. rep. +1 mid.	0 4 0 4 0 4 0 4 0 4 0 4 0 4 0 4 0 4 0	0 4 0 4 0 4 0 4 0 4 0 4 0 4 0 4 0 4 0
mid. -1 ini. +1 rep. rep. eos fin. -1	0 4 4 4 4 4 4 4 4 4 4 4 4 4 4 4 4 4 4	0 4 4 4 4 4 4 4 4 4 4 4 4 4 4 4 4 4 4
mid. ini. eos fin. ini. ini. eos ini. rep. +1 +1 -1 rep. mid.	0 6	0 6
mid. +1 eos ini. ini. ini. ini. +1 eos -1	0 4 0 4 0 4 0 4 0 4 0 4 0 4 0 4 0 4 0	0 4 0 4 0 4 0 4 0 4 0 4 0 4 0 4 0 4 0
mid. eos eos +1 ini. eos rep. fin. ini. mid.	0 4 0 4 0 4 0 4 0 4 0 4 0 4 0 4 0 4 0	0 4 0 4 0 4 0 4 0 4 0 4 0 4 0 4 0 4 0
mid. fin. eos ini. fin. ini. +1 rep. -1 eos +1 rep. mid.	0 6 7 8 7 6 7 8 7 6 7 8 7 6 7 8 7 6 7	0 6 7 8 7 6 7 8 7 6 7 8 7 6 7 8 7 6 7
+1 -1 fin. eos +1 -1 rep. -1 +1 fin. +1 fin. mid.	0 1 0 1 0 1 0 1 0 1 0 1 0 1 0 1 0 1 0	0 1 0 1 0 1 0 1 0 1 0 1 0 1 0 1 0 1 0
+1 +1 -1 fin. +1 fin. +1 eos ini. eos mid.	0 1 2 1 2 1 2 1 2 1 2 1 2 1 2 1 2 1 2	0 1 2 1 2 1 2 1 2 1 2 1 2 1 2 1 2 1 2
+1 +1 ini. ini. fin. fin. fin. fin. rep. eos fin. eos mid.	0 1 2 0 1 2 0 1 2 0 1 2 0 1 2 0 1 2 0	0 1 2 0 1 2 0 1 2 0 1 2 0 1 2 0 1 2 0
mid. fin. eos -1 +1 rep. +1 fin. rep. eos eos ini. mid.	0 6 7 12 6 7 12 6 7 12 6 7 12 6 7 12 6 7 12	0 6 7 12 6 7 12 6 7 12 6 7 12 6 7 12 6 7 12
mid. rep. eos rep. +1 ini. rep. eos +1 eos fin. +1 mid.	0 6 6 6 6 6 6 6 6 6 6 6 6 6 6 6 6 6 6	0 6 6 6 6 6 6 6 6 6 6 6 6 6 6 6 6 6 6
mid. fin. eos fin. -1 eos mid.	0 3 6 3 6 3 6 3 6 3 6 3 6 3 6 3 6 3 6	0 3 6 3 6 3 6 3 6 3 6 3 6 3 6 3 6 3 6
mid. eos rep. eos +1 rep. mid.	0 3	0 3
mid. eos ini. ini. +1 +1 -1 ini. ini. -1	0 4 5 6 5 6 5 6 5 6 5 6 5 6 5 6 5 6 5	0 4 5 6 5 6 5 6 5 6 5 6 5 6 5 6 5 6 5
mid. eos eos -1 -1 +1 eos rep. +1 mid.	0 4 3 2	0 4 3 2
mid. fin. fin. rep. fin. +1 eos fin. -1 ini. ini. rep. fin. rep. mid.	0 7 14 7 14 7 14 7 14 7 14 7 14 7 14 7 14 7 14	0 7 14 7 14 7 14 7 14 7 14 7 14 7 14 7 14 7 14
+1 +1 eos +1 ini. -1 fin. mid.	0 1 2	0 1 2
+1 rep. fin. ini. eos -1 eos eos rep. ini. +1 -1	0 1 2 11 10 11 10 11 10 11 10 11 10 11 10 11 10 11 10	0 1 2 11 10 11 10 11 10 11 10 11 10 11 10 11 10 11 10
+1 +1 eos eos rep. eos -1	0 1 2	0 1 2
+1 +1 +1 -1 eos rep. ini. rep. mid.	0 1 2 3 2 3 2 3 2 3 2 3 2 3 2 3 2 3 2	0 1 2 3 2 3 2 3 2 3 2 3 2 3 2 3 2 3 2
mid. ini. -1 -1 ini. eos -1 -1 rep. rep. rep. +1 +1 +1 mid.	0 7 6 5	0 7 6 5
+1 rep. +1 fin. fin. fin. +1 fin. eos rep. fin. ini. -1 mid.	0 1 2 3 13 6 7 13 6 7 13 6 7 13 6 7 13 6 7	0 1 2 3 13 6 7 13 6 7 13 6 7 13 6 7 13 6 7
+1 +1 rep. -1 +1 +1 eos +1 ini. eos ini. ini. rep. rep. -1	0 1 2 3 2 1 2 3 2 1 2 3 2 1 2 3 2 1 2	0 1 2 3 2 1 2 3 2 1 2 3 2 1 2 3 2 1 2
+1 eos -1 eos +1 -1 rep. mid.	0 1	0 1
+1 ini. eos rep. rep. -1 rep. ini. ini. -1 eos -1	0 1 0 1 0 1 0 1 0 1 0 1 0 1 0 1 0 1 0	0 1 0 1 0 1 0 1 0 1 0 1 0 1 0 1 0 1 0
mid. +1 eos eos eos +1 ini. +1 eos mid.	0 4	0 4
mid. -1 fin. +1 fin. eos eos -1	0 3 4 7 6	0 3 4 7 6
mid. eos fin. fin. rep. eos rep. rep. rep. mid.	0 4 4 4 4 4 4 4 4 4 4 4 4 4 4 4 4 4 4	0 4 4 4 4 4 4 4 4 4 4 4 4 4 4 4 4 4 4
mid. -1 eos rep. rep. +1 -1	0 3 3 3 3 3 3 3 3 3 3 3 3 3 3 3 3 3 3	0 3 3 3 3 3 3 3 3 3 3 3 3 3 3 3 3 3 3
mid. fin. eos -1 eos eos rep. mid.	0 3 2	0 3 2
+1 rep. eos rep. fin. rep. -1 rep. -1 +1 ini. -1 rep. eos -1	0 1 2	0 1 2
mid. +1 +1 fin. ini. eos eos eos fin. eos mid.	0 5	0 5
mid. ini. rep. ini. -1 -1 -1 -1 -1	0 4 3 0 4 3 0 4 3 0 4 3 0 4 3 0 4 3 0	0 4 3 0 4 3 0 4 3 0 4 3 0 4 3 0 4 3 0
+1 rep. rep. ini. -1 fin. ini. rep. ini. -1 -1 -1 +1 -1	0 1 2 3 0 1 2 3 0 1 2 3 0 1 2 3 0 1 2	0 1 2 3 0 1 2 3 0 1 2 3 0 1 2 3 0 1 2
mid. fin. ini. +1 +1 ini. +1 fin. fin. -1 +1 -1 +1 -1	0 6 7 13 12 13 12 13 12 13 12 13 12 13 12 13 12 13 12	0 6 7 13 12 13 12 13 12 13 12 13 12 13 12 13 12 13 12
mid. fin. +1 +1 +1 eos ini. ini. mid.	0 4 5	0 4 5
+1 ini. -1 +1 rep. +1 rep. rep. rep. ini. rep. -1	0 1 0 1 0 1 0 1 0 1 0 1 0 1 0 1 0 1 0	0 1 0 1 0 1 0 1 0 1 0 1 0 1 0 1 0 1 0
+1 +1 fin. rep. eos -1 eos mid.	0 1 2 7 3 3 3 3 3 3 3 3 3 3 3 3 3 3 3	0 1 2 7 3 3 3 3 3 3 3 3 3 3 3 3 3 3 3
+1 rep. eos fin. fin. -1 ini. fin. mid.	0 1 2	0 1 2
+1 +1 fin. fin. eos eos eos -1 rep. rep. +1 eos rep. -1	0 1 2 13 12 11	0 1 2 13 12 11
+1 ini. eos fin. rep. +1 fin. fin. fin. -1 rep. ini. ini. eos -1	0 1 0 1 0 1 0 1 0 1 0 1 0 1 0 1 0 1 0	0 1 0 1 0 1 0 1 0 1 0 1 0 1 0 1 0 1 0
+1 eos fin. +1 eos ini. rep. ini. ini. fin. +1 ini. mid.	0 1	0 1
mid. +1 rep. eos rep. eos mid.	0 3	0 3
+1 -1 fin. fin. +1 rep. rep. fin. rep. -1 -1 mid.	0 1 0 1 0 1 0 1 0 1 0 1 0 1 0 1 0 1 0	0 1 0 1 0 1 0 1 0 1 0 1 0 1 0 1 0 1 0
+1 -1 ini. eos +1 eos ini. eos rep. rep. rep. eos mid.	0 1 0 1 0 1 0 1 0 1 0 1 0 1 0 1 0 1 0	0 1 0 1 0 1 0 1 0 1 0 1 0 1 0 1 0 1 0
mid. ini. eos +1 fin. eos -1 -1	0 3 4 7 6 5	0 3 4 7 6 5
mid. eos rep. +1 eos ini. -1 ini. rep. eos fin. mid.	0 5 0 5 0 5 0 5 0 5 0 5 0 5 0 5 0 5 0	0 5 0 5 0 5 0 5 0 5 0 5 0 5 0 5 0 5 0
+1 eos rep. rep. -1 eos mid.	0 1	0 1
mid. fin. eos eos ini. eos ini. -1 +1 mid.	0 4 0 4 0 4 0 4 0 4 0 4 0 4 0 4 0 4 0	0 4 0 4 0 4 0 4 0 4 0 4 0 4 0 4 0 4 0
mid. +1 +1 ini. -1 -1 ini. +1 ini. eos eos fin. rep. -1 -1	0 7 8 0 7 8 0 7 8 0 7 8 0 7 8 0 7 8 0	0 7 8 0 7 8 0 7 8 0 7 8 0 7 8 0 7 8 0
mid. rep. eos fin. eos ini. ini. ini. fin. mid.	0 4	0 4
mid. rep. eos rep. ini. fin. fin. eos eos eos -1 -1 -1	0 6 12 11 10 9	0 6 12 11 10 9
mid. +1 fin. ini. +1 eos ini. eos ini. -1 ini. ini. fin. -1	0 6 0 6 0 6 0 6 0 6 0 6 0 6 0 6 0 6 0	0 6 0 6 0 6 0 6 0 6 0 6 0 6 0 6 0 6 0
+1 ini. rep. +1 fin. ini. fin. fin. -1 rep. -1 mid.	0 1 0 1 0 1 0 1 0 1 0 1 0 1 0 1 0 1 0	0 1 0 1 0 1 0 1 0 1 0 1 0 1 0 1 0 1 0
+1 ini. fin. rep. eos ini. fin. ini. eos fin. fin. rep. -1	0 1 0 1 0 1 0 1 0 1 0 1 0 1 0 1 0 1 0	0 1 0 1 0 1 0 1 0 1 0 1 0 1 0 1 0 1 0
+1 eos ini. fin. rep. ini. eos -1	0 1	0 1
mid. fin. eos rep. eos -1 fin. -1 rep. eos eos +1 -1 mid.	0 6 13 6 13 6 13 6 13 6 13 6 13 6 13 6 13 6 13	0 6 13 6 13 6 13 6 13 6 13 6 13 6 13 6 13 6 13
mid. +1 +1 eos -1 ini. fin. eos +1 mid.	0 4 3	0 4 3
+1 +1 -1 fin. fin. +1 fin. eos -1 fin. fin. -1	0 1 2 1 2 1 2 1 2 1 2 1 2 1 2 1 2 1 2	0 1 2 1 2 1 2 1 2 1 2 1 2 1 2 1 2 1 2
mid. fin. eos eos +1 fin. rep. ini. +1 -1 +1 rep. mid.	0 6 6 6 6 6 6 6 6 6 6 6 6 6 6 6 6 6 6	0 6 6 6 6 6 6 6 6 6 6 6 6 6 6 6 6 6 6
mid. ini. rep. +1 eos -1 ini. eos -1 ini. eos mid.	0 5 4	0 5 4
mid. -1 eos -1 -1 ini. ini. eos -1	0 4 3 2	0 4 3 2
mid. eos +1 eos eos eos eos eos -1	0 4	0 4
+1 eos +1 fin. ini. fin. eos -1 +1 mid.	0 1	0 1
mid. rep. ini. eos ini. +1 ini. +1 -1 fin. mid.	0 5 6 0 5 6 0 5 6 0 5 6 0 5 6 0 5 6 0	0 5 6 0 5 6 0 5 6 0 5 6 0 5 6 0 5 6 0
mid. -1 eos -1 rep. rep. ini. ini. +1 +1 -1	0 5 5 5 5 5 5 5 5 5 5 5 5 5 5 5 5 5 5	0 5 5 5 5 5 5 5 5 5 5 5 5 5 5 5 5 5 5
mid. -1 +1 +1 +1 -1 ini. rep. -1	0 4 5 4 5 4 5 4 5 4 5 4 5 4 5 4 5 4 5	0 4 5 4 5 4 5 4 5 4 5 4 5 4 5 4 5 4 5
+1 fin. +1 fin. fin. fin. -1 ini. eos +1 +1 mid.	0 1 11 5 11 5 11 5 11 5 11 5 11 5 11 5 11 5 11	0 1 11 5 11 5 11 5 11 5 11 5 11 5 11 5 11 5 11
+1 -1 -1 -1 -1 +1 rep. rep. mid.	0 1 0 1 0 1 0 1 0 1 0 1 0 1 0 1 0 1 0	0 1 0 1 0 1 0 1 0 1 0 1 0 1 0 1 0 1 0
mid. rep. eos ini. -1 eos eos mid.	0 3 0 3 0 3 0 3 0 3 0 3 0 3 0 3 0 3 0	0 3 0 3 0 3 0 3 0 3 0 3 0 3 0 3 0 3 0
mid. ini. eos eos rep. ini. eos +1 rep. eos eos mid.	0 5 0 5 0 5 0 5 0 5 0 5 0 5 0 5 0 5 0	0 5 0 5 0 5 0 5 0 5 0 5 0 5 0 5 0 5 0
mid. -1 -1 rep. ini. fin. +1 +1 +1 +1 -1	0 5 10 9 10 9 10 9 10 9 10 9 10 9 10 9 10 9 10	0 5 10 9 10 9 10 9 10 9 10 9 10 9 10 9 10 9 10
mid. rep. +1 ini. rep. fin. +1 eos ini. fin. +1 -1	0 5 11 10 11 10 11 10 11 10 11 10 11 10 11 10 11 10 11	0 5 11 10 11 10 11 10 11 10 11 10 11 10 11 10 11 10 11
mid. eos ini. eos fin. rep. +1 eos eos -1 -1	0 5 5 5 5 5 5 5 5 5 5 5 5 5 5 5 5 5 5	0 5 5 5 5 5 5 5 5 5 5 5 5 5 5 5 5 5 5
mid. eos rep. fin. ini. +1 ini. ini. rep. -1 -1 rep. ini. -1	0 6 0 6 0 6 0 6 0 6 0 6 0 6 0 6 0 6 0	0 6 0 6 0 6 0 6 0 6 0 6 0 6 0 6 0 6 0
mid. eos ini. fin. eos ini. ini. ini. fin. eos +1 mid.	0 5 0 5 0 5 0 5 0 5 0 5 0 5 0 5 0 5 0	0 5 0 5 0 5 0 5 0 5 0 5 0 5 0 5 0 5 0
+1 +1 mid. eos +1 eos eos -1 fin. fin. rep. eos rep. mid.	0 1 2 6	0 1 2 6
+1 +1 ini. rep. -1 rep. ini. eos eos -1	0 1 2 0 1 2 0 1 2 0 1 2 0 1 2 0 1 2 0	0 1 2 0 1 2 0 1 2 0 1 2 0 1 2 0 1 2 0
+1 +1 +1 eos -1 eos mid.	0 1 2 3	0 1 2 3
+1 eos fin. +1 -1 ini. +1 rep. fin. eos eos fin. fin. mid.	0 1	0 1
mid. +1 fin. rep. eos eos mid.	0 3 3 3 3 3 3 3 3 3 3 3 3 3 3 3 3 3 3	0 3 3 3 3 3 3 3 3 3 3 3 3 3 3 3 3 3 3
mid. -1 eos -1 ini. fin. fin. ini. ini. rep. fin. mid.	0 5 11 5 11 5 11 5 11 5 11 5 11 5 11 5 11 5 11	0 5 11 5 11 5 11 5 11 5 11 5 11 5 11 5 11 5 11
+1 fin. rep. rep. eos fin. ini. +1 ini. fin. fin. rep. ini. rep. mid.	0 1 14 7 8 0 1 14 7 8 0 1 14 7 8 0 1 14 7	0 1 14 7 8 0 1 14 7 8 0 1 14 7 8 0 1 14 7
mid. -1 eos ini. eos ini. eos -1	0 3 0 3 0 3 0 3 0 3 0 3 0 3 0 3 0 3 0	0 3 0 3 0 3 0 3 0 3 0 3 0 3 0 3 0 3 0
mid. ini. -1 +1 eos -1 ini. -1 fin. mid.	0 4	0 4
mid. eos fin. fin. -1 ini. +1 fin. ini. +1 mid.	0 5 0 5 0 5 0 5 0 5 0 5 0 5 0 5 0 5 0	0 5 0 5 0 5 0 5 0 5 0 5 0 5 0 5 0 5 0
mid. eos fin. +1 rep. ini. -1 eos mid.	0 4 4 4 4 4 4 4 4 4 4 4 4 4 4 4 4 4 4	0 4 4 4 4 4 4 4 4 4 4 4 4 4 4 4 4 4 4
+1 -1 +1 -1 +1 eos rep. rep. +1 -1	0 1 0 1 0 1 0 1 0 1 0 1 0 1 0 1 0 1 0	0 1 0 1 0 1 0 1 0 1 0 1 0 1 0 1 0 1 0
mid. eos ini. +1 eos -1 rep. +1 fin. -1 fin. rep. -1	0 6 6 6 6 6 6 6 6 6 6 6 6 6 6 6 6 6 6	0 6 6 6 6 6 6 6 6 6 6 6 6 6 6 6 6 6 6
+1 eos +1 -1 eos eos ini. eos -1	0 1	0 1
+1 -1 +1 +1 +1 ini. eos rep. fin. eos mid.	0 1 0 1 0 1 0 1 0 1 0 1 0 1 0 1 0 1 0	0 1 0 1 0 1 0 1 0 1 0 1 0 1 0 1 0 1 0
mid. ini. -1 -1 +1 eos -1	0 3 2 1 0 3 2 1 0 3 2 1 0 3 2 1 0 3 2	0 3 2 1 0 3 2 1 0 3 2 1 0 3 2 1 0 3 2
+1 rep. -1 eos rep. ini. +1 -1 rep. -1 +1 +1 mid.	0 1 2 1 0 1 2 1 0 1 2 1 0 1 2 1 0 1 2	0 1 2 1 0 1 2 1 0 1 2 1 0 1 2 1 0 1 2
+1 eos +1 ini. rep. -1 ini. rep. ini. eos -1 ini. +1 fin. -1	0 1	0 1
mid. -1 -1 fin. fin. fin. eos +1 fin. -1 rep. ini. rep. -1	0 6	0 6
+1 eos +1 -1 +1 ini. fin. eos eos fin. -1 eos +1 -1	0 1	0 1
mid. eos fin. eos rep. eos +1 ini. mid.	0 4 4 4 4 4 4 4 4 4 4 4 4 4 4 4 4 4 4	0 4 4 4 4 4 4 4 4 4 4 4 4 4 4 4 4 4 4
mid. fin. rep. +1 ini. rep. -1	0 3 4 0 3 4 0 3 4 0 3 4 0 3 4 0 3 4 0	0 3 4 0 3 4 0 3 4 0 3 4 0 3 4 0 3 4 0
+1 -1 rep. ini. eos +1 eos -1 -1 ini. -1	0 1 0 1 0 1 0 1 0 1 0 1 0 1 0 1 0 1 0	0 1 0 1 0 1 0 1 0 1 0 1 0 1 0 1 0 1 0
mid. +1 -1 fin. -1 eos -1	0 3 6 5	0 3 6 5
+1 eos eos ini. -1 fin. +1 fin. mid.	0 1	0 1
mid. fin. fin. -1 eos +1 eos +1 -1 fin. ini. mid.	0 5 6	0 5 6
mid. ini. -1 +1 ini. -1 eos ini. ini. rep. eos ini. +1 -1 mid.	0 7 0 7 0 7 0 7 0 7 0 7 0 7 0 7 0 7 0	0 7 0 7 0 7 0 7 0 7 0 7 0 7 0 7 0 7 0
mid. -1 -1 eos -1 +1 ini. eos fin. -1 ini. -1 +1 -1 mid.	0 7	0 7
mid. eos eos fin. rep. ini. fin. -1	0 3 7 6 7 6 7 6 7 6 7 6 7 6 7 6 7 6 7	0 3 7 6 7 6 7 6 7 6 7 6 7 6 7 6 7 6 7
+1 ini. rep. -1 eos eos rep. rep. ini. mid.	0 1 0 1 0 1 0 1 0 1 0 1 0 1 0 1 0 1 0	0 1 0 1 0 1 0 1 0 1 0 1 0 1 0 1 0 1 0
mid. ini. eos ini. rep. fin. rep. fin. -1	0 4 4 4 4 4 4 4 4 4 4 4 4 4 4 4 4 4 4	0 4 4 4 4 4 4 4 4 4 4 4 4 4 4 4 4 4 4
mid. fin. ini. ini. eos eos mid.	0 3 0 3 0 3 0 3 0 3 0 3 0 3 0 3 0 3 0	0 3 0 3 0 3 0 3 0 3 0 3 0 3 0 3 0 3 0
mid. rep. eos -1 fin. +1 fin. -1 +1 eos eos +1 -1	0 6 12 11 12 11 12 11 12 11 12 11 12 11 12 11 12 11 12	0 6 12 11 12 11 12 11 12 11 12 11 12 11 12 11 12 11 12
+1 ini. fin. rep. eos eos fin. mid.	0 1 0 1 0 1 0 1 0 1 0 1 0 1 0 1 0 1 0	0 1 0 1 0 1 0 1 0 1 0 1 0 1 0 1 0 1 0
mid. -1 +1 -1 ini. +1 rep. ini. eos eos mid.	0 5 6 7 0 5 6 7 0 5 6 7 0 5 6 7 0 5 6	0 5 6 7 0 5 6 7 0 5 6 7 0 5 6 7 0 5 6
+1 -1 fin. ini. rep. +1 fin. fin. -1	0 1 0 1 0 1 0 1 0 1 0 1 0 1 0 1 0 1 0	0 1 0 1 0 1 0 1 0 1 0 1 0 1 0 1 0 1 0
+1 ini. eos ini. -1 -1 eos fin. ini. ini. mid.	0 1 0 1 0 1 0 1 0 1 0 1 0 1 0 1 0 1 0	0 1 0 1 0 1 0 1 0 1 0 1 0 1 0 1 0 1 0
+1 fin. ini. ini. -1 eos eos rep. fin. eos -1 mid.	0 1 11 5	0 1 11 5
+1 fin. -1 +1 eos fin. eos +1 eos ini. -1 eos mid.	0 1 12 6	0 1 12 6
mid. +1 eos -1 rep. +1 +1 fin. eos -1 -1	0 5 6 7 10 9 8	0 5 6 7 10 9 8
+1 fin. +1 rep. eos +1 -1 rep. eos -1 eos eos mid.	0 1 12 6 5 6 5 6 5 6 5 6 5 6 5 6 5 6 5	0 1 12 6 5 6 5 6 5 6 5 6 5 6 5 6 5 6 5
mid. eos ini. rep. fin. ini. fin. fin. +1 eos eos -1 mid.	0 6 12 6 12 6 12 6 12 6 12 6 12 6 12 6 12 6 12	0 6 12 6 12 6 12 6 12 6 12 6 12 6 12 6 12 6 12
+1 eos rep. eos eos fin. eos fin. mid.	0 1	0 1
mid. rep. ini. -1 eos ini. eos eos ini. -1 +1 -1	0 5 0 5 0 5 0 5 0 5 0 5 0 5 0 5 0 5 0	0 5 0 5 0 5 0 5 0 5 0 5 0 5 0 5 0 5 0
+1 eos -1 rep. eos eos rep. +1 eos -1	0 1	0 1
mid. rep. rep. eos rep. rep. +1 -1 rep. fin. fin. ini. ini. fin. mid.	0 7 6 7 6 7 6 7 6 7 6 7 6 7 6 7 6 7 6	0 7 6 7 6 7 6 7 6 7 6 7 6 7 6 7 6 7 6
mid. eos rep. eos +1 eos -1	0 3	0 3
+1 rep. -1 rep. +1 rep. rep. ini. fin. eos ini. -1 mid.	0 1 2 1 0 1 2 1 0 1 2 1 0 1 2 1 0 1 2	0 1 2 1 0 1 2 1 0 1 2 1 0 1 2 1 0 1 2
+1 eos +1 fin. eos ini. -1 ini. fin. fin. fin. -1 mid.	0 1	0 1
+1 eos eos -1 +1 eos -1 ini. ini. eos rep. mid.	0 1	0 1
+1 eos +1 rep. fin. eos eos -1	0 1	0 1
+1 -1 rep. -1 -1 +1 -1 ini. ini. +1 rep. mid.	0 1 0 1 0 1 0 1 0 1 0 1 0 1 0 1 0 1 0	0 1 0 1 0 1 0 1 0 1 0 1 0 1 0 1 0 1 0
mid. eos eos fin. eos eos mid.	0 3 6 3 6 3 6 3 6 3 6 3 6 3 6 3 6 3 6	0 3 6 3 6 3 6 3 6 3 6 3 6 3 6 3 6 3 6
+1 +1 eos eos eos -1 mid.	0 1 2	0 1 2
mid. -1 eos rep. -1 ini. rep. +1 -1 mid.	0 4 3 2	0 4 3 2
mid. rep. rep. rep. +1 ini. -1 +1 +1 -1	0 4 5 0 4 5 0 4 5 0 4 5 0 4 5 0 4 5 0	0 4 5 0 4 5 0 4 5 0 4 5 0 4 5 0 4 5 0
mid. fin. fin. ini. fin. ini. +1 fin. ini. mid.	0 4 9 4 9 4 9 4 9 4 9 4 9 4 9 4 9 4 9	0 4 9 4 9 4 9 4 9 4 9 4 9 4 9 4 9 4 9
mid. ini. fin. -1 eos ini. eos rep. mid.	0 4	0 4
mid. -1 fin. fin. rep. ini. fin. +1 fin. -1 +1 rep. rep. -1 mid.	0 7 8 14 7 8 14 7 8 14 7 8 14 7 8 14 7 8 14	0 7 8 14 7 8 14 7 8 14 7 8 14 7 8 14 7 8 14
mid. ini. fin. rep. eos -1 fin. -1 eos eos +1 fin. mid.	0 6 12 6 12 6 12 6 12 6 12 6 12 6 12 6 12 6 12	0 6 12 6 12 6 12 6 12 6 12 6 12 6 12 6 12 6 12
mid. eos eos eos eos eos mid.	0 3	0 3
mid. eos eos eos rep. rep. ini. mid.	0 3	0 3
mid. -1 ini. fin. -1 -1 eos ini. -1 rep. fin. +1 -1 -1	0 6	0 6
+1 fin. eos rep. eos +1 fin. rep. fin. mid.	0 1 9 4	0 1 9 4
mid. fin. eos fin. -1 fin. eos fin. fin. +1 +1 -1	0 5 11 10 11 10 11 10 11 10 11 10 11 10 11 10 11 10 11	0 5 11 10 11 10 11 10 11 10 11 10 11 10 11 10 11 10 11
+1 ini. -1 eos fin. -1 eos -1 ini. +1 fin. mid.	0 1 0 1 0 1 0 1 0 1 0 1 0 1 0 1 0 1 0	0 1 0 1 0 1 0 1 0 1 0 1 0 1 0 1 0 1 0
mid. ini. eos -1 rep. eos mid.	0 3 2	0 3 2
+1 eos ini. rep. ini. fin. ini. ini. ini. +1 +1 rep. -1	0 1	0 1
mid. -1 ini. eos fin. fin. +1 fin. +1 eos -1	0 5 10 9	0 5 10 9
+1 -1 ini. eos ini. rep. eos +1 -1 eos mid.	0 1 0 1 0 1 0 1 0 1 0 1 0 1 0 1 0 1 0	0 1 0 1 0 1 0 1 0 1 0 1 0 1 0 1 0 1 0
mid. fin. eos rep. eos ini. ini. +1 -1 fin. +1 fin. fin. mid.	0 6 0 6 0 6 0 6 0 6 0 6 0 6 0 6 0 6 0	0 6 0 6 0 6 0 6 0 6 0 6 0 6 0 6 0 6 0
+1 eos fin. +1 ini. ini. rep. +1 -1 +1 fin. -1 -1 -1	0 1	0 1
mid. eos -1 ini. rep. +1 ini. rep. -1 -1 eos +1 eos -1 mid.	0 7 7 7 7 7 7 7 7 7 7 7 7 7 7 7 7 7 7	0 7 7 7 7 7 7 7 7 7 7 7 7 7 7 7 7 7 7
mid. fin. eos eos eos +1 ini. mid.	0 3	0 3
mid. fin. ini. eos +1 +1 rep. rep. +1 -1 mid.	0 5 6 7 8 9 8 9 8 9 8 9 8 9 8 9 8 9 8	0 5 6 7 8 9 8 9 8 9 8 9 8 9 8 9 8 9 8
+1 +1 -1 fin. eos eos mid.	0 1 2 1 2 1 2 1 2 1 2 1 2 1 2 1 2 1 2	0 1 2 1 2 1 2 1 2 1 2 1 2 1 2 1 2 1 2
mid. eos eos eos +1 eos -1	0 3	0 3
mid. ini. eos -1 -1 eos +1 -1 +1 fin. eos fin. ini. +1 -1	0 7 6 7 6 7 6 7 6 7 6 7 6 7 6 7 6 7 6	0 7 6 7 6 7 6 7 6 7 6 7 6 7 6 7 6 7 6
+1 +1 eos rep. eos eos ini. eos ini. -1	0 1 2	0 1 2
mid. ini. rep. eos fin. +1 rep. -1	0 3	0 3
mid. ini. eos -1 ini. +1 eos ini. +1 fin. fin. eos -1	0 6	0 6
mid. rep. eos -1 ini. +1 eos fin. +1 +1 fin. rep. rep. rep. mid.	0 7 14 7 14 7 14 7 14 7 14 7 14 7 14 7 14 7 14	0 7 14 7 14 7 14 7 14 7 14 7 14 7 14 7 14 7 14
mid. eos eos +1 eos eos eos mid.	0 3 4	0 3 4
mid. eos eos ini. -1 fin. rep. fin. -1 fin. -1	0 5 10 9 10 9 10 9 10 9 10 9 10 9 10 9 10 9 10	0 5 10 9 10 9 10 9 10 9 10 9 10 9 10 9 10 9 10
mid. ini. ini. fin. +1 -1 ini. ini. -1 +1 -1 fin. mid.	0 6 0 6 0 6 0 6 0 6 0 6 0 6 0 6 0 6 0	0 6 0 6 0 6 0 6 0 6 0 6 0 6 0 6 0 6 0
mid. +1 eos -1 eos +1 eos rep. mid.	0 4	0 4
+1 fin. +1 rep. ini. ini. +1 mid.	0 1 7 3 3 3 3 3 3 3 3 3 3 3 3 3 3 3 3	0 1 7 3 3 3 3 3 3 3 3 3 3 3 3 3 3 3 3
+1 -1 +1 fin. fin. ini. mid.	0 1 0 1 0 1 0 1 0 1 0 1 0 1 0 1 0 1 0	0 1 0 1 0 1 0 1 0 1 0 1 0 1 0 1 0 1 0
mid. fin. ini. +1 eos -1 rep. ini. fin. fin. rep. ini. mid.	0 6 6 6 6 6 6 6 6 6 6 6 6 6 6 6 6 6 6	0 6 6 6 6 6 6 6 6 6 6 6 6 6 6 6 6 6 6
mid. +1 +1 +1 fin. +1 rep. eos rep. fin. ini. -1 rep. rep. mid.	0 7	0 7
+1 ini. fin. ini. eos fin. +1 -1	0 1 0 1 0 1 0 1 0 1 0 1 0 1 0 1 0 1 0	0 1 0 1 0 1 0 1 0 1 0 1 0 1 0 1 0 1 0
mid. eos -1 rep. fin. fin. fin. mid.	0 3 3 3 3 3 3 3 3 3 3 3 3 3 3 3 3 3 3	0 3 3 3 3 3 3 3 3 3 3 3 3 3 3 3 3 3 3
+1 eos -1 -1 rep. ini. ini. -1 ini. +1 +1 eos rep. rep. mid.	0 1	0 1
+1 fin. +1 fin. fin. ini. eos -1 fin. -1	0 1 9 8 9 8 9 8 9 8 9 8 9 8 9 8 9 8 9	0 1 9 8 9 8 9 8 9 8 9 8 9 8 9 8 9 8 9
mid. fin. -1 fin. eos ini. eos mid.	0 3 7 3 7 3 7 3 7 3 7 3 7 3 7 3 7 3 7	0 3 7 3 7 3 7 3 7 3 7 3 7 3 7 3 7 3 7
mid. rep. rep. fin. -1 rep. eos +1 eos fin. -1 mid.	0 5 5 5 5 5 5 5 5 5 5 5 5 5 5 5 5 5 5	0 5 5 5 5 5 5 5 5 5 5 5 5 5 5 5 5 5 5
mid. -1 fin. eos rep. ini. fin. -1 eos +1 fin. +1 mid.	0 6 12 6 12 6 12 6 12 6 12 6 12 6 12 6 12 6 12	0 6 12 6 12 6 12 6 12 6 12 6 12 6 12 6 12 6 12
mid. fin. eos fin. eos eos mid.	0 3 6 3 6 3 6 3 6 3 6 3 6 3 6 3 6 3 6	0 3 6 3 6 3 6 3 6 3 6 3 6 3 6 3 6 3 6
+1 +1 ini. +1 rep. rep. rep. mid.	0 1 2 0 1 2 0 1 2 0 1 2 0 1 2 0 1 2 0	0 1 2 0 1 2 0 1 2 0 1 2 0 1 2 0 1 2 0
mid. fin. rep. rep. -1 eos rep. rep. eos -1	0 4 3 2 1 9 8	0 4 3 2 1 9 8
+1 rep. -1 rep. +1 rep. -1 ini. +1 ini. ini. +1 ini. eos mid.	0 1 2 1 0 1 2 1 0 1 2 1 0 1 2 1 0 1 2	0 1 2 1 0 1 2 1 0 1 2 1 0 1 2 1 0 1 2
mid. -1 ini. fin. eos ini. rep. eos eos mid.	0 4	0 4
+1 rep. fin. ini. rep. -1 ini. ini. rep. -1 eos fin. -1 eos mid.	0 1 2 14 7 0 1 2 14 7 0 1 2 14 7 0 1 2 14	0 1 2 14 7 0 1 2 14 7 0 1 2 14 7 0 1 2 14
+1 eos eos fin. fin. ini. -1	0 1	0 1
mid. +1 eos ini. +1 eos rep. -1 fin. -1 eos eos ini. eos -1	0 7 6 5	0 7 6 5
mid. fin. rep. -1 -1 eos mid.	0 3 2 1 6 3 2 1 6 3 2 1 6 3 2 1 6 3 2	0 3 2 1 6 3 2 1 6 3 2 1 6 3 2 1 6 3 2
+1 rep. rep. -1 ini. -1 eos -1 fin. +1 fin. rep. eos eos mid.	0 1 2 3 2 1 0 1 2 3 2 1 0 1 2 3 2 1 0	0 1 2 3 2 1 0 1 2 3 2 1 0 1 2 3 2 1 0
mid. +1 fin. -1 +1 +1 fin. rep. fin. ini. ini. +1 mid.	0 6 12 6 12 6 12 6 12 6 12 6 12 6 12 6 12 6 12	0 6 12 6 12 6 12 6 12 6 12 6 12 6 12 6 12 6 12
mid. rep. +1 -1 ini. fin. fin. ini. +1 ini. rep. eos ini. mid.	0 6 13 6 13 6 13 6 13 6 13 6 13 6 13 6 13 6 13	0 6 13 6 13 6 13 6 13 6 13 6 13 6 13 6 13 6 13
+1 fin. rep. rep. rep. eos fin. ini. +1 +1 ini. -1	0 1 11 10 0 1 11 10 0 1 11 10 0 1 11 10 0 1 11	0 1 11 10 0 1 11 10 0 1 11 10 0 1 11 10 0 1 11
mid. fin. ini. eos fin. -1 fin. +1 fin. rep. mid. rep. mid.	0 6 12 6 12 6 12 6 12 6 12 6 12 6 12 6 12 6 12	0 6 12 6 12 6 12 6 12 6 12 6 12 6 12 6 12 6 12
mid. eos eos -1 ini. eos +1 mid.	0 3 2	0 3 2
mid. -1 eos eos fin. -1 mid.	0 3	0 3
+1 -1 eos fin. -1 rep. rep. mid.	0 1 0 1 0 1 0 1 0 1 0 1 0 1 0 1 0 1 0	0 1 0 1 0 1 0 1 0 1 0 1 0 1 0 1 0 1 0
+1 fin. +1 +1 -1 eos rep. fin. rep. -1 -1	0 1 10 9 8 7 10 9 8 7 10 9 8 7 10 9 8 7 10	0 1 10 9 8 7 10 9 8 7 10 9 8 7 10 9 8 7 10
+1 -1 eos ini. eos rep. rep. mid.	0 1 0 1 0 1 0 1 0 1 0 1 0 1 0 1 0 1 0	0 1 0 1 0 1 0 1 0 1 0 1 0 1 0 1 0 1 0
mid. ini. eos +1 eos ini. -1	0 3 4	0 3 4
mid. ini. +1 ini. eos ini. ini. rep. mid.	0 4	0 4
+1 +1 +1 -1 rep. ini. eos rep. fin. eos -1 -1 -1	0 1 2 3 2 3 2 3 2 3 2 3 2 3 2 3 2 3 2	0 1 2 3 2 3 2 3 2 3 2 3 2 3 2 3 2 3 2
+1 rep. ini. fin. eos eos -1 mid.	0 1 2 0 1 2 0 1 2 0 1 2 0 1 2 0 1 2 0	0 1 2 0 1 2 0 1 2 0 1 2 0 1 2 0 1 2 0
mid. +1 fin. fin. ini. eos ini. -1 -1 mid.	0 4 0 4 0 4 0 4 0 4 0 4 0 4 0 4 0 4 0	0 4 0 4 0 4 0 4 0 4 0 4 0 4 0 4 0 4 0
+1 fin. fin. eos +1 ini. fin. eos rep. rep. rep. +1 -1	0 1 12 11 12 11 12 11 12 11 12 11 12 11 12 11 12 11 12	0 1 12 11 12 11 12 11 12 11 12 11 12 11 12 11 12 11 12
mid. eos eos fin. eos -1 -1	0 3 6 5 4	0 3 6 5 4
+1 rep. fin. rep. rep. eos eos eos rep. -1 -1 fin. -1	0 1 2 12 11 12 11 12 11 12 11 12 11 12 11 12 11 12 11	0 1 2 12 11 12 11 12 11 12 11 12 11 12 11 12 11 12 11
mid. eos fin. ini. +1 eos fin. ini. fin. ini. rep. -1 fin. ini. -1	0 7 0 7 0 7 0 7 0 7 0 7 0 7 0 7 0 7 0	0 7 0 7 0 7 0 7 0 7 0 7 0 7 0 7 0 7 0
mid. fin. -1 eos +1 +1 rep. mid.	0 3	0 3
+1 ini. eos ini. -1 ini. fin. +1 rep. eos rep. mid.	0 1 0 1 0 1 0 1 0 1 0 1 0 1 0 1 0 1 0	0 1 0 1 0 1 0 1 0 1 0 1 0 1 0 1 0 1 0
mid. fin. eos rep. rep. eos -1 -1 fin. eos mid.	0 5	0 5
+1 rep. eos eos +1 fin. rep. eos fin. rep. -1	0 1 2	0 1 2
mid. -1 rep. ini. rep. eos +1 mid.	0 3 0 3 0 3 0 3 0 3 0 3 0 3 0 3 0 3 0	0 3 0 3 0 3 0 3 0 3 0 3 0 3 0 3 0 3 0
+1 eos -1 rep. fin. ini. fin. rep. eos	0 1	0 1
mid. ini. +1 fin. eos fin. fin. eos rep. eos eos fin. mid.	0 6 12 6 12 6 12 6 12 6 12 6 12 6 12 6 12 6 12	0 6 12 6 12 6 12 6 12 6 12 6 12 6 12 6 12 6 12
mid. +1 eos eos +1 fin. -1 rep. -1 -1	0 4 5 9 8 7 6 5 9 8 7 6 5 9 8 7 6 5 9	0 4 5 9 8 7 6 5 9 8 7 6 5 9 8 7 6 5 9
+1 +1 fin. eos eos fin. rep. +1 +1 mid.	0 1 2 9 4	0 1 2 9 4
mid. fin. fin. +1 -1 eos eos fin. fin. +1 rep. ini. eos mid.	0 6	0 6
+1 -1 -1 eos +1 -1 ini. fin. rep. rep. eos mid.	0 1 0 1 0 1 0 1 0 1 0 1 0 1 0 1 0 1 0	0 1 0 1 0 1 0 1 0 1 0 1 0 1 0 1 0 1 0
mid. -1 fin. ini. rep. eos -1 rep. +1 fin. ini. eos +1 mid.	0 6 5	0 6 5
mid. eos rep. eos -1 eos -1 eos fin. fin. eos mid.	0 5	0 5
+1 fin. eos +1 eos rep. -1 rep. eos eos +1 ini. -1 fin. mid.	0 1 14 7 7 7 7 7 7 7 7 7 7 7 7 7 7 7 7	0 1 14 7 7 7 7 7 7 7 7 7 7 7 7 7 7 7 7
mid. -1 ini. +1 -1 eos fin. -1 +1 eos -1 mid.	0 5	0 5
mid. +1 -1 +1 eos eos eos mid.	0 3 4	0 3 4
+1 +1 +1 ini. rep. +1 rep. rep. fin. rep. -1 mid.	0 1 2 3 0 1 2 3 0 1 2 3 0 1 2 3 0 1 2	0 1 2 3 0 1 2 3 0 1 2 3 0 1 2 3 0 1 2
+1 fin. fin. +1 -1 ini. ini. eos ini. ini. fin. eos -1 rep. mid.	0 1 14 7	0 1 14 7
+1 ini. +1 ini. ini. -1 eos +1 -1	0 1 0 1 0 1 0 1 0 1 0 1 0 1 0 1 0 1 0	0 1 0 1 0 1 0 1 0 1 0 1 0 1 0 1 0 1 0
+1 eos ini. fin. +1 fin. eos fin. mid.	0 1	0 1
mid. +1 +1 ini. eos eos eos mid.	0 3 0 3 0 3 0 3 0 3 0 3 0 3 0 3 0 3 0	0 3 0 3 0 3 0 3 0 3 0 3 0 3 0 3 0 3 0
mid. fin. fin. fin. rep. fin. eos ini. ini. rep. mid.	0 5 10 5 10 5 10 5 10 5 10 5 10 5 10 5 10 5 10	0 5 10 5 10 5 10 5 10 5 10 5 10 5 10 5 10 5 10
+1 +1 ini. fin. +1 eos eos fin. +1 ini. rep. ini. +1 -1	0 1 2 0 1 2 0 1 2 0 1 2 0 1 2 0 1 2 0	0 1 2 0 1 2 0 1 2 0 1 2 0 1 2 0 1 2 0
+1 -1 fin. ini. -1 fin. ini. fin. -1 ini. ini. ini. rep. -1	0 1 0 1 0 1 0 1 0 1 0 1 0 1 0 1 0 1 0	0 1 0 1 0 1 0 1 0 1 0 1 0 1 0 1 0 1 0
mid. fin. rep. ini. rep. eos rep. -1 rep. fin. mid.	0 5	0 5
mid. -1 +1 fin. +1 fin. +1 eos +1 mid.	0 4 5 9 4 5 9 4 5 9 4 5 9 4 5 9 4 5 9	0 4 5 9 4 5 9 4 5 9 4 5 9 4 5 9 4 5 9
eos fin. rep. -1 -1 fin. eos rep. fin. +1 fin. eos -1 rep. mid.	0	0
mid. ini. ini. -1 eos -1 +1 -1 eos rep. -1	0 5 4	0 5 4
mid. fin. rep. +1 ini. ini. fin. -1 -1 rep. +1 eos +1 mid.	0 6 13 6 13 6 13 6 13 6 13 6 13 6 13 6 13 6 13	0 6 13 6 13 6 13 6 13 6 13 6 13 6 13 6 13 6 13
mid. eos eos eos eos rep. mid.	0 3	0 3
mid. -1 eos eos eos ini. +1 eos rep. rep. -1 +1 fin. mid.	0 6 7	0 6 7
mid. ini. ini. ini. ini. eos eos -1 ini. ini. eos -1	0 5	0 5
mid. ini. -1 fin. +1 +1 +1 -1 +1 fin. eos ini. -1	0 6 7 6 7 6 7 6 7 6 7 6 7 6 7 6 7 6 7	0 6 7 6 7 6 7 6 7 6 7 6 7 6 7 6 7 6 7
mid. -1 +1 fin. ini. eos eos rep. -1 mid.	0 4 0 4 0 4 0 4 0 4 0 4 0 4 0 4 0 4 0	0 4 0 4 0 4 0 4 0 4 0 4 0 4 0 4 0 4 0
mid. rep. eos +1 -1 +1 fin. -1	0 3 4 3 4 3 4 3 4 3 4 3 4 3 4 3 4 3 4	0 3 4 3 4 3 4 3 4 3 4 3 4 3 4 3 4 3 4
eos -1 -1 eos +1 rep. eos -1 +1 rep. ini. -1 rep. +1 mid.	0	0
+1 eos ini. rep. eos +1 rep. -1 eos fin. -1	0 1	0 1
mid. -1 rep. fin. -1 rep. +1 fin. ini. +1 -1 rep. ini. -1	0 6 7 13 12 0 6 7 13 12 0 6 7 13 12 0 6 7 13	0 6 7 13 12 0 6 7 13 12 0 6 7 13 12 0 6 7 13
fin. rep. rep. eos ini. -1 fin. fin. rep. eos ini. eos -1 -1	0 13 12 11	0 13 12 11
mid. ini. fin. -1 -1 -1 -1 rep. +1 rep. eos fin. +1 -1	0 6 5 4 3 2 13 12 13 12 13 12 13 12 13 12 13 12 13	0 6 5 4 3 2 13 12 13 12 13 12 13 12 13 12 13 12 13
mid. fin. +1 fin. -1 rep. +1 eos mid.	0 4 3 8 4 3 8 4 3 8 4 3 8 4 3 8 4 3 8	0 4 3 8 4 3 8 4 3 8 4 3 8 4 3 8 4 3 8
mid. rep. eos fin. -1 -1 rep. eos rep. +1 fin. mid.	0 5 4 3 11 5 4 3 11 5 4 3 11 5 4 3 11 5 4	0 5 4 3 11 5 4 3 11 5 4 3 11 5 4 3 11 5 4
mid. -1 rep. rep. rep. eos eos +1 mid.	0 4 4 4 4 4 4 4 4 4 4 4 4 4 4 4 4 4 4	0 4 4 4 4 4 4 4 4 4 4 4 4 4 4 4 4 4 4
+1 eos rep. eos -1 fin. rep. fin. eos mid.	0 1	0 1
+1 eos fin. fin. ini. +1 -1 eos eos rep. ini. -1	0 1	0 1
+1 -1 -1 eos -1 ini. -1 -1 -1 -1 eos +1 eos mid.	0 1 0 1 0 1 0 1 0 1 0 1 0 1 0 1 0 1 0	0 1 0 1 0 1 0 1 0 1 0 1 0 1 0 1 0 1 0
mid. +1 eos -1 +1 fin. fin. ini. fin. ini. ini. -1 fin. mid.	0 6 13 6 13 6 13 6 13 6 13 6 13 6 13 6 13 6 13	0 6 13 6 13 6 13 6 13 6 13 6 13 6 13 6 13 6 13
+1 +1 -1 rep. ini. eos eos eos mid.	0 1 2 1 2 1 2 1 2 1 2 1 2 1 2 1 2 1 2	0 1 2 1 2 1 2 1 2 1 2 1 2 1 2 1 2 1 2
+1 ini. eos eos eos eos -1	0 1 0 1 0 1 0 1 0 1 0 1 0 1 0 1 0 1 0	0 1 0 1 0 1 0 1 0 1 0 1 0 1 0 1 0 1 0
+1 +1 rep. +1 rep. ini. fin. fin. -1	0 1 2 3 4 5 0 1 2 3 4 5 0 1 2 3 4 5 0	0 1 2 3 4 5 0 1 2 3 4 5 0 1 2 3 4 5 0
+1 ini. eos +1 rep. ini. eos eos fin. mid.	0 1 0 1 0 1 0 1 0 1 0 1 0 1 0 1 0 1 0	0 1 0 1 0 1 0 1 0 1 0 1 0 1 0 1 0 1 0
mid. fin. ini. fin. -1 ini. eos rep. +1 -1 +1 +1 eos mid.	0 6	0 6
mid. fin. rep. -1 fin. rep. fin. rep. ini. ini. ini. mid.	0 5 5 5 5 5 5 5 5 5 5 5 5 5 5 5 5 5 5	0 5 5 5 5 5 5 5 5 5 5 5 5 5 5 5 5 5 5
mid. -1 +1 fin. -1 rep. eos -1	0 3 7 6	0 3 7 6
mid. eos eos +1 eos eos mid.	0 3 4	0 3 4
mid. eos -1 fin. ini. rep. eos +1 ini. fin. -1 fin. eos -1	0 6	0 6
mid. +1 rep. -1 fin. +1 fin. +1 +1 +1 rep. fin. -1 mid.	0 6 13 6 13 6 13 6 13 6 13 6 13 6 13 6 13 6 13	0 6 13 6 13 6 13 6 13 6 13 6 13 6 13 6 13 6 13
mid. -1 +1 eos rep. fin. -1 -1	0 3	0 3
mid. eos -1 eos eos eos ini. -1	0 3	0 3
+1 eos rep. eos -1 eos +1 +1 eos -1	0 1	0 1
mid. eos +1 fin. eos +1 eos -1 +1 +1 fin. -1	0 5 6	0 5 6
mid. eos +1 rep. fin. fin. mid.	0 3 3 3 3 3 3 3 3 3 3 3 3 3 3 3 3 3 3	0 3 3 3 3 3 3 3 3 3 3 3 3 3 3 3 3 3 3
+1 eos fin. +1 -1 +1 -1 ini. -1	0 1	0 1
+1 rep. -1 rep. -1 fin. -1 ini. eos +1 ini. fin. mid.	0 1 2 1 0 1 2 1 0 1 2 1 0 1 2 1 0 1 2	0 1 2 1 0 1 2 1 0 1 2 1 0 1 2 1 0 1 2
mid. rep. fin. eos -1 rep. fin. rep. eos ini. ini. -1	0 5 5 5 5 5 5 5 5 5 5 5 5 5 5 5 5 5 5	0 5 5 5 5 5 5 5 5 5 5 5 5 5 5 5 5 5 5
mid. eos rep. eos rep. -1 rep. -1 rep. mid.	0 4 4 4 4 4 4 4 4 4 4 4 4 4 4 4 4 4 4	0 4 4 4 4 4 4 4 4 4 4 4 4 4 4 4 4 4 4
mid. +1 -1 rep. +1 +1 -1 eos rep. eos -1 rep. fin. mid.	0 6 5 6 5 6 5 6 5 6 5 6 5 6 5 6 5 6 5	0 6 5 6 5 6 5 6 5 6 5 6 5 6 5 6 5 6 5
+1 +1 +1 +1 eos -1 rep. fin. rep. eos -1 -1 +1 eos mid.	0 1 2 3 4	0 1 2 3 4
+1 eos fin. eos fin. -1 +1 eos rep. -1	0 1	0 1
mid. rep. eos eos +1 eos fin. eos rep. eos -1 mid.	0 5	0 5
mid. ini. fin. ini. -1 rep. +1 ini. eos -1 +1 -1 +1 eos -1	0 7 0 7 0 7 0 7 0 7 0 7 0 7 0 7 0 7 0	0 7 0 7 0 7 0 7 0 7 0 7 0 7 0 7 0 7 0
mid. eos -1 eos eos rep. +1 eos -1	0 4	0 4
+1 -1 rep. eos +1 eos eos +1 rep. rep. -1	0 1 0 1 0 1 0 1 0 1 0 1 0 1 0 1 0 1 0	0 1 0 1 0 1 0 1 0 1 0 1 0 1 0 1 0 1 0
mid. +1 +1 eos -1 -1 -1 -1 +1 +1 fin. +1 rep. mid.	0 6 5 4 3	0 6 5 4 3
mid. ini. +1 rep. fin. rep. +1 rep. -1	0 4 8 7 6 7 8 7 6 7 8 7 6 7 8 7 6 7 8	0 4 8 7 6 7 8 7 6 7 8 7 6 7 8 7 6 7 8
mid. +1 fin. eos eos ini. +1 -1 -1	0 4	0 4
mid. +1 +1 rep. ini. +1 +1 fin. ini. fin. ini. -1 ini. +1 mid.	0 7 14 7 14 7 14 7 14 7 14 7 14 7 14 7 14 7 14	0 7 14 7 14 7 14 7 14 7 14 7 14 7 14 7 14 7 14
+1 rep. +1 eos rep. eos eos +1 +1 -1 eos fin. -1 -1	0 1 2 3	0 1 2 3
mid. eos +1 -1 +1 eos -1	0 3 2 3 2 3 2 3 2 3 2 3 2 3 2 3 2 3 2	0 3 2 3 2 3 2 3 2 3 2 3 2 3 2 3 2 3 2
mid. eos rep. eos ini. -1 -1	0 3	0 3
mid. eos fin. rep. fin. -1 eos eos +1 eos	0 4 9	0 4 9
mid. +1 eos +1 fin. ini. ini. +1 fin. +1 fin. mid.	0 5 0 5 0 5 0 5 0 5 0 5 0 5 0 5 0 5 0	0 5 0 5 0 5 0 5 0 5 0 5 0 5 0 5 0 5 0
mid. ini. -1 rep. eos rep. eos -1	0 3 3 3 3 3 3 3 3 3 3 3 3 3 3 3 3 3 3	0 3 3 3 3 3 3 3 3 3 3 3 3 3 3 3 3 3 3
mid. fin. eos -1 eos -1 -1 mid.	0 3 2	0 3 2
mid. -1 fin. fin. ini. eos -1 eos eos +1 -1 eos rep. rep. -1	0 7	0 7
mid. eos -1 rep. ini. eos -1 rep. fin. -1 mid.	0 5	0 5
mid. rep. fin. eos ini. eos -1 eos fin. +1 eos ini. -1	0 6 5	0 6 5
mid. rep. eos ini. +1 ini. +1 ini. -1	0 4 5 0 4 5 0 4 5 0 4 5 0 4 5 0 4 5 0	0 4 5 0 4 5 0 4 5 0 4 5 0 4 5 0 4 5 0
mid. +1 eos eos +1 rep. rep. +1 eos rep. -1 mid.	0 5 5 5 5 5 5 5 5 5 5 5 5 5 5 5 5 5 5	0 5 5 5 5 5 5 5 5 5 5 5 5 5 5 5 5 5 5
mid. fin. fin. -1 fin. ini. rep. -1 -1 -1 -1 eos -1	0 6 6 6 6 6 6 6 6 6 6 6 6 6 6 6 6 6 6	0 6 6 6 6 6 6 6 6 6 6 6 6 6 6 6 6 6 6
mid. -1 +1 eos rep. rep. rep. +1 -1 mid.	0 4 4 4 4 4 4 4 4 4 4 4 4 4 4 4 4 4 4	0 4 4 4 4 4 4 4 4 4 4 4 4 4 4 4 4 4 4
+1 fin. eos eos rep. eos ini. -1 -1 -1	0 1 9 8 7 6 0 1 9 8 7 6 0 1 9 8 7 6 0	0 1 9 8 7 6 0 1 9 8 7 6 0 1 9 8 7 6 0
mid. eos -1 fin. -1 rep. -1 ini. eos eos +1 ini. mid.	0 6 5 4 3 12 6 5 4 3 12 6 5 4 3 12 6 5 4	0 6 5 4 3 12 6 5 4 3 12 6 5 4 3 12 6 5 4
+1 -1 eos -1 -1 rep. -1 fin. eos eos mid.	0 1 0 1 0 1 0 1 0 1 0 1 0 1 0 1 0 1 0	0 1 0 1 0 1 0 1 0 1 0 1 0 1 0 1 0 1 0
mid. rep. eos rep. eos -1 +1 eos mid.	0 4	0 4
+1 fin. eos rep. -1 rep. ini. -1 eos fin. -1 ini. mid.	0 1 12 6 0 1 12 6 0 1 12 6 0 1 12 6 0 1 12	0 1 12 6 0 1 12 6 0 1 12 6 0 1 12 6 0 1 12
mid. +1 ini. eos eos eos -1 +1 rep. +1 ini. mid.	0 5	0 5
+1 +1 fin. rep. rep. -1 fin. fin. +1 -1 ini. -1 rep. -1	0 1 2 13 12 11 10 0 1 2 13 12 11 10 0 1 2 13 12	0 1 2 13 12 11 10 0 1 2 13 12 11 10 0 1 2 13 12
mid. +1 ini. -1 rep. +1 ini. +1 -1 +1 -1 fin. rep. ini. -1	0 7 8 7 8 7 8 7 8 7 8 7 8 7 8 7 8 7 8	0 7 8 7 8 7 8 7 8 7 8 7 8 7 8 7 8 7 8
mid. eos rep. rep. -1 eos rep. eos fin. fin. +1 +1 rep. ini. mid.	0 7	0 7
mid. rep. eos eos -1 +1 rep. mid.	0 3	0 3
mid. ini. fin. ini. ini. eos rep. ini. eos -1 +1 rep. fin. fin. ini.	0 7 0 7 0 7 0 7 0 7 0 7 0 7 0 7 0 7 0	0 7 0 7 0 7 0 7 0 7 0 7 0 7 0 7 0 7 0
mid. ini. +1 rep. fin. rep. +1 ini. ini. rep. +1 fin. mid.	0 6 7 0 6 7 0 6 7 0 6 7 0 6 7 0 6 7 0	0 6 7 0 6 7 0 6 7 0 6 7 0 6 7 0 6 7 0
mid. ini. fin. +1 -1 fin. rep. fin. rep. fin. -1 eos rep. rep. -1	0 7 14 13 12 11	0 7 14 13 12 11
mid. rep. -1 -1 -1 +1 +1 ini. mid.	0 4 3 2 1 0 4 3 2 1 0 4 3 2 1 0 4 3 2	0 4 3 2 1 0 4 3 2 1 0 4 3 2 1 0 4 3 2
+1 eos +1 rep. ini. -1 -1 fin. eos rep. eos rep. mid.	0 1	0 1
mid. ini. eos rep. +1 ini. rep. +1 -1 -1 eos fin. mid. -1	0 6 6 6 6 6 6 6 6 6 6 6 6 6 6 6 6 6 6	0 6 6 6 6 6 6 6 6 6 6 6 6 6 6 6 6 6 6
mid. fin. eos eos ini. -1 -1 -1 eos mid.	0 4 0 4 0 4 0 4 0 4 0 4 0 4 0 4 0 4 0	0 4 0 4 0 4 0 4 0 4 0 4 0 4 0 4 0 4 0
mid. fin. -1 ini. +1 rep. rep. -1 fin. eos eos +1 fin. mid.	0 6 6 6 6 6 6 6 6 6 6 6 6 6 6 6 6 6 6	0 6 6 6 6 6 6 6 6 6 6 6 6 6 6 6 6 6 6
mid. eos fin. +1 fin. eos -1	0 3 4 6 5	0 3 4 6 5
mid. eos ini. fin. eos eos rep. mid.	0 3 7 3 7 3 7 3 7 3 7 3 7 3 7 3 7 3 7	0 3 7 3 7 3 7 3 7 3 7 3 7 3 7 3 7 3 7
mid. rep. rep. eos -1 rep. +1 +1 eos +1 fin. mid.	0 5 5 5 5 5 5 5 5 5 5 5 5 5 5 5 5 5 5	0 5 5 5 5 5 5 5 5 5 5 5 5 5 5 5 5 5 5
+1 fin. rep. rep. rep. rep. rep. ini. -1 mid.	0 1 9 4 4 4 4 4 4 4 4 4 4 4 4 4 4 4 4	0 1 9 4 4 4 4 4 4 4 4 4 4 4 4 4 4 4 4
mid. eos fin. rep. eos rep. eos mid.	0 3 3 3 3 3 3 3 3 3 3 3 3 3 3 3 3 3 3	0 3 3 3 3 3 3 3 3 3 3 3 3 3 3 3 3 3 3
mid. +1 eos rep. eos eos rep. -1 +1 -1	0 4	0 4
+1 rep. -1 eos ini. fin. +1 eos +1 ini. ini. ini. -1	0 1 2 1 0 1 2 1 0 1 2 1 0 1 2 1 0 1 2	0 1 2 1 0 1 2 1 0 1 2 1 0 1 2 1 0 1 2
+1 eos fin. rep. -1 +1 fin. +1 +1 rep. +1 rep. -1	0 1	0 1
mid. -1 rep. +1 eos +1 eos rep. -1	0 4	0 4
+1 +1 rep. ini. rep. rep. rep. fin. rep. eos ini. eos mid.	0 1 2 3 0 1 2 3 0 1 2 3 0 1 2 3 0 1 2	0 1 2 3 0 1 2 3 0 1 2 3 0 1 2 3 0 1 2
mid. ini. -1 ini. eos -1 eos +1 -1 rep. fin. +1 eos +1 mid.	0 7 8 7 8 7 8 7 8 7 8 7 8 7 8 7 8 7 8	0 7 8 7 8 7 8 7 8 7 8 7 8 7 8 7 8 7 8
mid. -1 rep. +1 eos fin. eos +1 +1 fin. +1 ini. fin. -1	0 6	0 6
+1 +1 rep. fin. fin. eos fin. rep. ini. -1 fin. -1 -1 -1 -1	0 1 2 3 14 13 12 11 10 14 13 12 11 10 14 13 12 11 10	0 1 2 3 14 13 12 11 10 14 13 12 11 10 14 13 12 11 10
+1 eos eos eos eos +1 rep. +1 -1 fin. mid.	0 1	0 1
+1 eos ini. ini. rep. -1 rep. +1 rep. fin. rep. fin. +1 rep. mid.	0 1	0 1
+1 -1 eos -1 ini. eos rep. -1 mid.	0 1 0 1 0 1 0 1 0 1 0 1 0 1 0 1 0 1 0	0 1 0 1 0 1 0 1 0 1 0 1 0 1 0 1 0 1 0
+1 eos fin. eos eos fin. -1 ini. ini. eos -1 -1 -1 eos mid.	0 1	0 1
+1 eos -1 fin. ini. +1 ini. fin. +1 fin. fin. fin. ini. eos -1	0 1	0 1
+1 ini. +1 eos -1 +1 +1 +1 rep. -1 -1 +1 rep. mid.	0 1 0 1 0 1 0 1 0 1 0 1 0 1 0 1 0 1 0	0 1 0 1 0 1 0 1 0 1 0 1 0 1 0 1 0 1 0
mid. -1 ini. fin. +1 fin. +1 eos eos rep. ini. ini. eos -1 eos	0 7	0 7
mid. -1 ini. fin. +1 eos fin. fin. eos ini. -1	0 5	0 5
mid. +1 +1 ini. +1 eos fin. fin. mid.	0 4 5	0 4 5
mid. eos eos fin. eos -1 -1 ini. -1 fin. ini. -1	0 5 4	0 5 4
+1 fin. +1 fin. rep. -1 fin. eos ini. +1 fin. +1 -1 mid.	0 1 13 6 13 6 13 6 13 6 13 6 13 6 13 6 13 6 13	0 1 13 6 13 6 13 6 13 6 13 6 13 6 13 6 13 6 13
mid. -1 fin. eos -1 ini. fin. -1 eos -1 +1 +1 fin. rep. mid.	0 7 6 14 7 6 14 7 6 14 7 6 14 7 6 14 7 6 14	0 7 6 14 7 6 14 7 6 14 7 6 14 7 6 14 7 6 14
+1 -1 -1 fin. ini. +1 eos fin. mid.	0 1 0 1 0 1 0 1 0 1 0 1 0 1 0 1 0 1 0	0 1 0 1 0 1 0 1 0 1 0 1 0 1 0 1 0 1 0
+1 -1 ini. eos fin. rep. -1 fin. rep. -1 -1 fin. -1 rep. -1	0 1 0 1 0 1 0 1 0 1 0 1 0 1 0 1 0 1 0	0 1 0 1 0 1 0 1 0 1 0 1 0 1 0 1 0 1 0
+1 eos eos ini. rep. +1 mid.	0 1	0 1
mid. eos -1 fin. rep. ini. ini. ini. -1	0 4 4 4 4 4 4 4 4 4 4 4 4 4 4 4 4 4 4	0 4 4 4 4 4 4 4 4 4 4 4 4 4 4 4 4 4 4
+1 rep. ini. eos fin. eos fin. -1 eos fin. mid.	0 1 2 0 1 2 0 1 2 0 1 2 0 1 2 0 1 2 0	0 1 2 0 1 2 0 1 2 0 1 2 0 1 2 0 1 2 0
mid. rep. rep. ini. +1 -1 eos rep. eos eos +1 -1	0 5 4 5 4 5 4 5 4 5 4 5 4 5 4 5 4 5 4	0 5 4 5 4 5 4 5 4 5 4 5 4 5 4 5 4 5 4
mid. eos rep. +1 ini. rep. +1 +1 ini. -1 -1 eos -1 fin. mid.	0 7 8 0 7 8 0 7 8 0 7 8 0 7 8 0 7 8 0	0 7 8 0 7 8 0 7 8 0 7 8 0 7 8 0 7 8 0
+1 eos ini. rep. -1 +1 rep. rep. -1 rep. mid.	0 1	0 1
+1 rep. eos eos -1 fin. ini. fin. mid.	0 1 2	0 1 2
mid. -1 fin. -1 +1 fin. +1 fin. fin. mid.	0 4 5 9 4 5 9 4 5 9 4 5 9 4 5 9 4 5 9	0 4 5 9 4 5 9 4 5 9 4 5 9 4 5 9 4 5 9
mid. eos fin. rep. +1 -1 +1 mid.	0 3 3 3 3 3 3 3 3 3 3 3 3 3 3 3 3 3 3	0 3 3 3 3 3 3 3 3 3 3 3 3 3 3 3 3 3 3
+1 eos ini. +1 eos +1 -1 +1 eos rep. eos -1	0 1	0 1
mid. rep. -1 fin. fin. +1 eos ini. -1 +1 rep. mid.	0 5 6	0 5 6
mid. eos +1 -1 rep. eos mid.	0 3 2 3 2 3 2 3 2 3 2 3 2 3 2 3 2 3 2	0 3 2 3 2 3 2 3 2 3 2 3 2 3 2 3 2 3 2
+1 ini. rep. ini. eos fin. eos mid.	0 1 0 1 0 1 0 1 0 1 0 1 0 1 0 1 0 1 0	0 1 0 1 0 1 0 1 0 1 0 1 0 1 0 1 0 1 0
mid. -1 eos rep. eos fin. rep. +1 fin. mid.	0 4	0 4
mid. eos -1 +1 ini. eos mid.	0 3 4 0 3 4 0 3 4 0 3 4 0 3 4 0 3 4 0	0 3 4 0 3 4 0 3 4 0 3 4 0 3 4 0 3 4 0
mid. eos eos rep. -1 ini. ini. rep. ini. eos -1 -1 mid.	0 6 0 6 0 6 0 6 0 6 0 6 0 6 0 6 0 6 0	0 6 0 6 0 6 0 6 0 6 0 6 0 6 0 6 0 6 0
mid. ini. +1 +1 eos +1 +1 eos -1 ini. rep. fin. -1	0 6 7	0 6 7
mid. -1 -1 eos rep. eos eos mid.	0 3	0 3
mid. ini. -1 fin. +1 ini. fin. rep. +1 eos rep. -1 -1 -1 -1	0 7 7 7 7 7 7 7 7 7 7 7 7 7 7 7 7 7 7	0 7 7 7 7 7 7 7 7 7 7 7 7 7 7 7 7 7 7
mid. ini. fin. ini. rep. -1 +1 +1 ini. -1	0 4 4 4 4 4 4 4 4 4 4 4 4 4 4 4 4 4 4	0 4 4 4 4 4 4 4 4 4 4 4 4 4 4 4 4 4 4
mid. +1 ini. eos fin. eos +1 +1 -1	0 4 8 7 8 7 8 7 8 7 8 7 8 7 8 7 8 7 8	0 4 8 7 8 7 8 7 8 7 8 7 8 7 8 7 8 7 8
mid. +1 ini. fin. +1 +1 -1 -1	0 3 7 6 5 6 5 6 5 6 5 6 5 6 5 6 5 6 5	0 3 7 6 5 6 5 6 5 6 5 6 5 6 5 6 5 6 5
mid. eos ini. -1 eos rep. eos +1 fin. rep. -1 -1 rep. mid.	0 6	0 6
+1 eos eos rep. eos -1 -1 eos fin. ini. fin. eos rep. -1	0 1	0 1
mid. +1 eos -1 eos rep. eos -1	0 3 2	0 3 2
+1 eos rep. -1 +1 -1 ini. eos +1 ini. ini. mid.	0 1	0 1
+1 ini. +1 eos -1 eos -1 rep. -1 ini. -1 eos -1 -1	0 1 0 1 0 1 0 1 0 1 0 1 0 1 0 1 0 1 0	0 1 0 1 0 1 0 1 0 1 0 1 0 1 0 1 0 1 0
+1 +1 eos rep. rep. -1 rep. +1 ini. fin. mid.	0 1 2	0 1 2
mid. eos ini. eos -1 +1 mid.	0 3	0 3
mid. rep. rep. -1 fin. +1 -1 eos rep. eos -1	0 5 6 5 6 5 6 5 6 5 6 5 6 5 6 5 6 5 6	0 5 6 5 6 5 6 5 6 5 6 5 6 5 6 5 6 5 6
+1 ini. ini. -1 -1 ini. -1 -1 fin. eos ini. eos rep. -1	0 1 0 1 0 1 0 1 0 1 0 1 0 1 0 1 0 1 0	0 1 0 1 0 1 0 1 0 1 0 1 0 1 0 1 0 1 0
+1 fin. ini. +1 eos eos fin. +1 rep. ini. rep. rep. rep. mid.	0 1 13 6 13 6 13 6 13 6 13 6 13 6 13 6 13 6 13	0 1 13 6 13 6 13 6 13 6 13 6 13 6 13 6 13 6 13
mid. eos eos eos eos ini. fin. -1	0 3	0 3
+1 eos mid. +1 eos eos -1	0 1	0 1
+1 -1 fin. ini. fin. rep. +1 mid.	0 1 0 1 0 1 0 1 0 1 0 1 0 1 0 1 0 1 0	0 1 0 1 0 1 0 1 0 1 0 1 0 1 0 1 0 1 0
mid. -1 ini. -1 ini. fin. rep. -1 +1 +1 fin. rep. -1 fin. -1	0 7 6 5 14 13 14 13 14 13 14 13 14 13 14 13 14 13 14	0 7 6 5 14 13 14 13 14 13 14 13 14 13 14 13 14 13 14
+1 -1 fin. rep. rep. ini. rep. eos rep. fin. rep. eos mid.	0 1 0 1 0 1 0 1 0 1 0 1 0 1 0 1 0 1 0	0 1 0 1 0 1 0 1 0 1 0 1 0 1 0 1 0 1 0
mid. ini. +1 -1 -1 eos +1 -1 -1 ini. -1 mid.	0 5	0 5
mid. fin. rep. rep. ini. ini. +1 ini. -1 eos fin. -1 +1 -1 mid.	0 7 0 7 0 7 0 7 0 7 0 7 0 7 0 7 0 7 0	0 7 0 7 0 7 0 7 0 7 0 7 0 7 0 7 0 7 0
+1 -1 eos eos ini. ini. +1 +1 rep. -1 rep. +1 eos +1 -1	0 1 0 1 0 1 0 1 0 1 0 1 0 1 0 1 0 1 0	0 1 0 1 0 1 0 1 0 1 0 1 0 1 0 1 0 1 0
mid. +1 rep. eos eos rep. fin. +1 ini. eos	0 4	0 4
mid. rep. rep. eos fin. ini. fin. eos eos ini. fin. +1 -1	0 6 12 11 12 11 12 11 12 11 12 11 12 11 12 11 12 11 12	0 6 12 11 12 11 12 11 12 11 12 11 12 11 12 11 12 11 12
mid. +1 rep. rep. rep. rep. ini. eos -1	0 4 4 4 4 4 4 4 4 4 4 4 4 4 4 4 4 4 4	0 4 4 4 4 4 4 4 4 4 4 4 4 4 4 4 4 4 4
+1 eos rep. rep. eos +1 rep. ini. rep. -1 -1	0 1	0 1
mid. fin. ini. fin. eos fin. -1 ini. -1 ini. -1 -1 eos rep. mid.	0 7 0 7 0 7 0 7 0 7 0 7 0 7 0 7 0 7 0	0 7 0 7 0 7 0 7 0 7 0 7 0 7 0 7 0 7 0
+1 +1 +1 +1 ini. rep. ini. ini. ini. -1 mid.	0 1 2 3 4 0 1 2 3 4 0 1 2 3 4 0 1 2 3	0 1 2 3 4 0 1 2 3 4 0 1 2 3 4 0 1 2 3
+1 fin. +1 -1 eos fin. +1 -1 eos ini. -1 +1 -1 mid.	0 1 13 6 7 6 7 6 7 6 7 6 7 6 7 6 7 6 7	0 1 13 6 7 6 7 6 7 6 7 6 7 6 7 6 7 6 7
+1 rep. rep. ini. +1 eos +1 -1 eos -1 fin. ini. fin. fin. -1	0 1 2 3 0 1 2 3 0 1 2 3 0 1 2 3 0 1 2	0 1 2 3 0 1 2 3 0 1 2 3 0 1 2 3 0 1 2
+1 eos rep. eos +1 eos mid.	0 1	0 1
mid. eos ini. eos eos -1 -1	0 3	0 3
mid. fin. ini. +1 ini. rep. +1 -1 fin. -1 +1 +1 +1 eos -1	0 7 6 7 6 7 6 7 6 7 6 7 6 7 6 7 6 7 6	0 7 6 7 6 7 6 7 6 7 6 7 6 7 6 7 6 7 6
+1 fin. eos fin. rep. ini. ini. ini. eos ini. -1	0 1 10 9 0 1 10 9 0 1 10 9 0 1 10 9 0 1 10	0 1 10 9 0 1 10 9 0 1 10 9 0 1 10 9 0 1 10
mid. ini. fin. ini. eos -1 +1 rep. mid.	0 4	0 4
+1 +1 -1 rep. ini. rep. ini. ini. ini. fin. rep. mid.	0 1 2 1 2 1 2 1 2 1 2 1 2 1 2 1 2 1 2	0 1 2 1 2 1 2 1 2 1 2 1 2 1 2 1 2 1 2
+1 rep. ini. ini. eos eos mid.	0 1 2 0 1 2 0 1 2 0 1 2 0 1 2 0 1 2 0	0 1 2 0 1 2 0 1 2 0 1 2 0 1 2 0 1 2 0
mid. +1 fin. fin. -1 -1 +1 +1 -1 ini. rep. fin. rep. -1	0 6 7 8 7 8 7 8 7 8 7 8 7 8 7 8 7 8 7	0 6 7 8 7 8 7 8 7 8 7 8 7 8 7 8 7 8 7
+1 -1 rep. fin. rep. +1 -1 fin. fin. ini. -1 eos mid.	0 1 0 1 0 1 0 1 0 1 0 1 0 1 0 1 0 1 0	0 1 0 1 0 1 0 1 0 1 0 1 0 1 0 1 0 1 0
mid. eos rep. eos eos -1 -1	0 3	0 3
mid. eos +1 rep. rep. +1 rep. -1	0 3 3 3 3 3 3 3 3 3 3 3 3 3 3 3 3 3 3	0 3 3 3 3 3 3 3 3 3 3 3 3 3 3 3 3 3 3
mid. eos eos eos ini. fin. mid.	0 3	0 3
mid. fin. ini. rep. -1 rep. ini. +1 ini. +1 rep. eos mid.	0 6 0 6 0 6 0 6 0 6 0 6 0 6 0 6 0 6 0	0 6 0 6 0 6 0 6 0 6 0 6 0 6 0 6 0 6 0
mid. +1 ini. ini. fin. eos -1 ini. fin. fin. mid.	0 5	0 5
mid. rep. rep. +1 eos fin. rep. -1 eos -1	0 4	0 4
mid. rep. ini. rep. +1 eos eos -1 -1 mid.	0 4 5	0 4 5
+1 fin. +1 +1 ini. eos rep. rep. ini. -1 ini. -1 -1	0 1 12 11 10 0 1 12 11 10 0 1 12 11 10 0 1 12 11	0 1 12 11 10 0 1 12 11 10 0 1 12 11 10 0 1 12 11
+1 ini. ini. -1 -1 -1 rep. -1 ini. rep. rep. fin. fin. -1	0 1 0 1 0 1 0 1 0 1 0 1 0 1 0 1 0 1 0	0 1 0 1 0 1 0 1 0 1 0 1 0 1 0 1 0 1 0
+1 eos rep. -1 -1 ini. eos -1 fin. +1 -1 rep. +1 +1 mid.	0 1	0 1
mid. fin. eos eos eos fin. eos eos rep. mid.	0 4	0 4
mid. fin. eos -1 eos +1 -1	0 3 2	0 3 2
mid. fin. eos fin. eos eos fin. -1	0 3 7 6 7 6 7 6 7 6 7 6 7 6 7 6 7 6 7	0 3 7 6 7 6 7 6 7 6 7 6 7 6 7 6 7 6 7
mid. fin. fin. fin. eos +1 rep. +1 eos rep. mid.	0 5 6 7 8	0 5 6 7 8
mid. fin. fin. rep. fin. ini. -1 eos -1 fin. eos +1 +1 mid.	0 6 5 0 6 5 0 6 5 0 6 5 0 6 5 0 6 5 0	0 6 5 0 6 5 0 6 5 0 6 5 0 6 5 0 6 5 0
mid. eos -1 rep. ini. ini. rep. rep. +1 +1 rep. ini. mid.	0 6 6 6 6 6 6 6 6 6 6 6 6 6 6 6 6 6 6	0 6 6 6 6 6 6 6 6 6 6 6 6 6 6 6 6 6 6
+1 +1 -1 ini. eos eos mid.	0 1 2 1 2 1 2 1 2 1 2 1 2 1 2 1 2 1 2	0 1 2 1 2 1 2 1 2 1 2 1 2 1 2 1 2 1 2
mid. +1 eos eos eos eos -1	0 3	0 3
mid. +1 eos rep. +1 ini. ini. eos ini. eos -1 rep. -1	0 6 0 6 0 6 0 6 0 6 0 6 0 6 0 6 0 6 0	0 6 0 6 0 6 0 6 0 6 0 6 0 6 0 6 0 6 0
mid. eos +1 eos +1 +1 eos eos eos fin. mid.	0 5 6	0 5 6
mid. ini. -1 fin. +1 ini. -1 fin. +1 rep. mid.	0 5 0 5 0 5 0 5 0 5 0 5 0 5 0 5 0 5 0	0 5 0 5 0 5 0 5 0 5 0 5 0 5 0 5 0 5 0
+1 -1 +1 -1 rep. -1 rep. -1 -1 -1 rep. +1 mid.	0 1 0 1 0 1 0 1 0 1 0 1 0 1 0 1 0 1 0	0 1 0 1 0 1 0 1 0 1 0 1 0 1 0 1 0 1 0
+1 -1 eos ini. ini. eos fin. fin. -1	0 1 0 1 0 1 0 1 0 1 0 1 0 1 0 1 0 1 0	0 1 0 1 0 1 0 1 0 1 0 1 0 1 0 1 0 1 0
mid. rep. eos -1 fin. +1 eos mid.	0 3 2	0 3 2
+1 eos ini. +1 -1 ini. rep. -1	0 1	0 1
mid. +1 eos +1 ini. ini. ini. rep. ini. eos ini. fin. fin. mid.	0 6 0 6 0 6 0 6 0 6 0 6 0 6 0 6 0 6 0	0 6 0 6 0 6 0 6 0 6 0 6 0 6 0 6 0 6 0
mid. fin. -1 +1 +1 fin. +1 eos ini. fin. -1 rep. ini. rep. mid.	0 7	0 7
+1 rep. rep. eos eos eos eos mid.	0 1 2 3	0 1 2 3
mid. rep. +1 eos rep. fin. eos ini. eos eos fin. ini. ini. mid.	0 6	0 6
mid. +1 -1 rep. +1 rep. ini. -1 -1 +1 +1 eos eos -1	0 6 0 6 0 6 0 6 0 6 0 6 0 6 0 6 0 6 0	0 6 0 6 0 6 0 6 0 6 0 6 0 6 0 6 0 6 0
mid. +1 fin. eos eos fin. -1 fin. +1 eos -1 rep. -1	0 6 5 12 11 10 9	0 6 5 12 11 10 9
+1 fin. eos fin. rep. fin. fin. eos rep. eos -1 rep. +1 mid.	0 1 13 6 13 6 13 6 13 6 13 6 13 6 13 6 13 6 13	0 1 13 6 13 6 13 6 13 6 13 6 13 6 13 6 13 6 13
mid. -1 ini. ini. eos ini. rep. ini. -1 fin. mid.	0 5 0 5 0 5 0 5 0 5 0 5 0 5 0 5 0 5 0	0 5 0 5 0 5 0 5 0 5 0 5 0 5 0 5 0 5 0
mid. -1 rep. -1 fin. fin. -1 -1 rep. +1 rep. eos mid.	0 6 5 12 6 5 12 6 5 12 6 5 12 6 5 12 6 5 12	0 6 5 12 6 5 12 6 5 12 6 5 12 6 5 12 6 5 12
+1 +1 -1 +1 eos eos -1 -1 eos -1 rep. +1 +1 -1 mid.	0 1 2 1 2 1 2 1 2 1 2 1 2 1 2 1 2 1 2	0 1 2 1 2 1 2 1 2 1 2 1 2 1 2 1 2 1 2
mid. ini. eos fin. -1 +1 eos fin. rep. +1 ini. mid.	0 5 6	0 5 6
mid. +1 eos -1 fin. fin. -1 rep. fin. ini. -1 mid.	0 5 11 5 11 5 11 5 11 5 11 5 11 5 11 5 11 5 11	0 5 11 5 11 5 11 5 11 5 11 5 11 5 11 5 11 5 11
+1 +1 ini. rep. rep. +1 mid.	0 1 2 0 1 2 0 1 2 0 1 2 0 1 2 0 1 2 0	0 1 2 0 1 2 0 1 2 0 1 2 0 1 2 0 1 2 0
+1 +1 +1 rep. rep. eos +1 +1 +1 -1 fin. -1 rep. -1	0 1 2 3 4 5	0 1 2 3 4 5
mid. fin. ini. fin. ini. eos ini. eos +1 ini. +1 mid.	0 5	0 5
mid. +1 fin. eos eos -1 ini. -1 rep. mid.	0 4	0 4
mid. -1 -1 +1 rep. eos eos -1 -1 eos rep. -1	0 5	0 5
+1 fin. -1 -1 rep. eos eos ini. +1 ini. -1	0 1 10 9 0 1 10 9 0 1 10 9 0 1 10 9 0 1 10	0 1 10 9 0 1 10 9 0 1 10 9 0 1 10 9 0 1 10
mid. ini. eos ini. +1 eos rep. +1 fin. fin. +1 +1 mid.	0 6 6 6 6 6 6 6 6 6 6 6 6 6 6 6 6 6 6	0 6 6 6 6 6 6 6 6 6 6 6 6 6 6 6 6 6 6
mid. +1 +1 +1 ini. rep. fin. -1 rep. fin. ini. ini. eos +1 mid.	0 7 6 14 7 6 14 7 6 14 7 6 14 7 6 14 7 6 14	0 7 6 14 7 6 14 7 6 14 7 6 14 7 6 14 7 6 14
mid. eos eos eos fin. +1 rep. ini. -1 mid.	0 4 9 4 9 4 9 4 9 4 9 4 9 4 9 4 9 4 9	0 4 9 4 9 4 9 4 9 4 9 4 9 4 9 4 9 4 9
mid. ini. eos fin. eos ini. fin. mid.	0 3 7 3 7 3 7 3 7 3 7 3 7 3 7 3 7 3 7	0 3 7 3 7 3 7 3 7 3 7 3 7 3 7 3 7 3 7
+1 -1 eos rep. rep. -1 rep. eos -1 -1	0 1 0 1 0 1 0 1 0 1 0 1 0 1 0 1 0 1 0	0 1 0 1 0 1 0 1 0 1 0 1 0 1 0 1 0 1 0
+1 ini. fin. ini. +1 ini. eos -1 fin. rep. ini. mid.	0 1 0 1 0 1 0 1 0 1 0 1 0 1 0 1 0 1 0	0 1 0 1 0 1 0 1 0 1 0 1 0 1 0 1 0 1 0
mid. eos -1 eos -1 eos eos fin. -1	0 4 3	0 4 3
+1 fin. ini. ini. rep. +1 eos eos fin. -1	0 1 9 8 9 8 9 8 9 8 9 8 9 8 9 8 9 8 9	0 1 9 8 9 8 9 8 9 8 9 8 9 8 9 8 9 8 9
+1 eos ini. eos fin. -1 +1 -1	0 1	0 1
+1 -1 rep. eos eos fin. +1 +1 -1	0 1 0 1 0 1 0 1 0 1 0 1 0 1 0 1 0 1 0	0 1 0 1 0 1 0 1 0 1 0 1 0 1 0 1 0 1 0
+1 eos fin. fin. fin. ini. eos -1 -1	0 1	0 1
mid. -1 fin. ini. +1 ini. ini. rep. fin. +1 rep. eos rep. -1	0 6 0 6 0 6 0 6 0 6 0 6 0 6 0 6 0 6 0	0 6 0 6 0 6 0 6 0 6 0 6 0 6 0 6 0 6 0
+1 +1 ini. eos ini. +1 rep. -1	0 1 2 0 1 2 0 1 2 0 1 2 0 1 2 0 1 2 0	0 1 2 0 1 2 0 1 2 0 1 2 0 1 2 0 1 2 0
mid. fin. eos fin. fin. +1 -1	0 3 6 5 6 5 6 5 6 5 6 5 6 5 6 5 6 5 6	0 3 6 5 6 5 6 5 6 5 6 5 6 5 6 5 6 5 6
mid. -1 +1 -1 eos rep. -1 fin. eos +1 mid.	0 5 5 5 5 5 5 5 5 5 5 5 5 5 5 5 5 5 5	0 5 5 5 5 5 5 5 5 5 5 5 5 5 5 5 5 5 5
mid. fin. eos fin. fin. ini. fin. ini. eos eos +1 +1 +1 -1	0 6 13 12 13 12 13 12 13 12 13 12 13 12 13 12 13 12 13	0 6 13 12 13 12 13 12 13 12 13 12 13 12 13 12 13 12 13
mid. eos +1 +1 ini. -1 eos -1	0 3 4 0 3 4 0 3 4 0 3 4 0 3 4 0 3 4 0	0 3 4 0 3 4 0 3 4 0 3 4 0 3 4 0 3 4 0
+1 ini. ini. ini. rep. -1 +1 +1 -1 +1 +1 rep. eos ini. -1	0 1 0 1 0 1 0 1 0 1 0 1 0 1 0 1 0 1 0	0 1 0 1 0 1 0 1 0 1 0 1 0 1 0 1 0 1 0
+1 fin. ini. fin. eos -1 eos -1 -1 rep. -1 -1	0 1 11 10 9 8 7 6	0 1 11 10 9 8 7 6
mid. -1 rep. eos eos rep. +1 eos mid.	0 4	0 4
mid. +1 eos eos fin. -1 rep. ini. ini. rep. -1	0 5 4 10 9 8 0 5 4 10 9 8 0 5 4 10 9 8 0	0 5 4 10 9 8 0 5 4 10 9 8 0 5 4 10 9 8 0
+1 -1 -1 +1 rep. rep. +1 fin. ini. +1 eos rep. +1 eos mid.	0 1 0 1 0 1 0 1 0 1 0 1 0 1 0 1 0 1 0	0 1 0 1 0 1 0 1 0 1 0 1 0 1 0 1 0 1 0
mid. -1 +1 eos +1 eos +1 -1 +1 +1 +1 mid.	0 5	0 5
mid. fin. -1 -1 eos fin. eos -1 -1	0 4	0 4
mid. ini. +1 +1 -1 -1 rep. ini. -1 -1 -1	0 5 4 3 4 3 4 3 4 3 4 3 4 3 4 3 4 3 4	0 5 4 3 4 3 4 3 4 3 4 3 4 3 4 3 4 3 4
mid. eos -1 rep. rep. fin. eos rep. eos eos rep. mid.	0 5 11 5 11 5 11 5 11 5 11 5 11 5 11 5 11 5 11	0 5 11 5 11 5 11 5 11 5 11 5 11 5 11 5 11 5 11
mid. fin. rep. fin. +1 rep. fin. +1 fin. rep. +1 fin. rep. -1	0 6 13 12 11 13 12 11 13 12 11 13 12 11 13 12 11 13 12	0 6 13 12 11 13 12 11 13 12 11 13 12 11 13 12 11 13 12
mid. +1 rep. eos +1 eos +1 ini. +1 +1 +1 +1 rep. -1	0 6 7 0 6 7 0 6 7 0 6 7 0 6 7 0 6 7 0	0 6 7 0 6 7 0 6 7 0 6 7 0 6 7 0 6 7 0
+1 ini. +1 +1 fin. rep. +1 eos +1 eos ini. fin. -1	0 1 0 1 0 1 0 1 0 1 0 1 0 1 0 1 0 1 0	0 1 0 1 0 1 0 1 0 1 0 1 0 1 0 1 0 1 0
+1 rep. -1 -1 fin. ini. eos +1 rep. -1 -1 mid.	0 1 2 1 0 1 2 1 0 1 2 1 0 1 2 1 0 1 2	0 1 2 1 0 1 2 1 0 1 2 1 0 1 2 1 0 1 2
mid. eos rep. rep. -1 fin. -1 -1 fin. eos mid.	0 5 10 5 10 5 10 5 10 5 10 5 10 5 10 5 10 5 10	0 5 10 5 10 5 10 5 10 5 10 5 10 5 10 5 10 5 10
mid. -1 fin. eos fin. fin. eos fin. -1 eos mid.	0 5 10 5 10 5 10 5 10 5 10 5 10 5 10 5 10 5 10	0 5 10 5 10 5 10 5 10 5 10 5 10 5 10 5 10 5 10
mid. rep. fin. ini. -1 fin. +1 fin. ini. -1 eos eos fin. -1 mid.	0 7 14 7 14 7 14 7 14 7 14 7 14 7 14 7 14 7 14	0 7 14 7 14 7 14 7 14 7 14 7 14 7 14 7 14 7 14
mid. -1 fin. eos fin. rep. rep. +1 mid.	0 4 8 4 8 4 8 4 8 4 8 4 8 4 8 4 8 4 8	0 4 8 4 8 4 8 4 8 4 8 4 8 4 8 4 8 4 8
+1 eos ini. fin. fin. +1 eos -1 mid.	0 1	0 1
mid. eos ini. fin. fin. eos eos ini. mid.	0 4 8 4 8 4 8 4 8 4 8 4 8 4 8 4 8 4 8	0 4 8 4 8 4 8 4 8 4 8 4 8 4 8 4 8 4 8
mid. ini. +1 +1 -1 ini. eos eos +1 fin. ini. -1 rep. -1	0 6	0 6
mid. eos rep. eos eos -1 -1 -1 +1 ini. ini. fin. +1 -1	0 6 5 4	0 6 5 4
+1 -1 eos ini. eos eos eos mid.	0 1 0 1 0 1 0 1 0 1 0 1 0 1 0 1 0 1 0	0 1 0 1 0 1 0 1 0 1 0 1 0 1 0 1 0 1 0
+1 ini. fin. +1 eos ini. ini. fin. mid.	0 1 0 1 0 1 0 1 0 1 0 1 0 1 0 1 0 1 0	0 1 0 1 0 1 0 1 0 1 0 1 0 1 0 1 0 1 0
mid. rep. -1 +1 ini. +1 -1 +1 -1 eos -1 eos eos mid.	0 6 5 6 5 6 5 6 5 6 5 6 5 6 5 6 5 6 5	0 6 5 6 5 6 5 6 5 6 5 6 5 6 5 6 5 6 5
mid. rep. -1 +1 eos eos ini. +1 rep. ini. -1 rep. rep. -1 -1	0 7 8 9 0 7 8 9 0 7 8 9 0 7 8 9 0 7 8	0 7 8 9 0 7 8 9 0 7 8 9 0 7 8 9 0 7 8
+1 eos -1 +1 eos +1 eos -1 eos rep. -1	0 1	0 1
mid. +1 rep. rep. fin. ini. eos eos rep. eos fin. fin. +1 ini. -1	0 7	0 7
+1 ini. eos ini. eos +1 rep. -1 +1 eos -1	0 1 0 1 0 1 0 1 0 1 0 1 0 1 0 1 0 1 0	0 1 0 1 0 1 0 1 0 1 0 1 0 1 0 1 0 1 0
mid. fin. fin. -1 fin. ini. -1 ini. eos fin. ini. rep. rep. rep. -1	0 7 0 7 0 7 0 7 0 7 0 7 0 7 0 7 0 7 0	0 7 0 7 0 7 0 7 0 7 0 7 0 7 0 7 0 7 0
mid. ini. eos ini. ini. eos -1 -1 rep. eos -1	0 5	0 5
mid. fin. eos -1 fin. fin. eos mid.	0 3 2	0 3 2
+1 -1 +1 ini. ini. ini. eos rep. rep. eos -1 +1 -1	0 1 0 1 0 1 0 1 0 1 0 1 0 1 0 1 0 1 0	0 1 0 1 0 1 0 1 0 1 0 1 0 1 0 1 0 1 0
+1 rep. +1 rep. eos eos -1 -1	0 1 2 3 4	0 1 2 3 4
+1 ini. eos fin. +1 ini. +1 +1 rep. mid.	0 1 0 1 0 1 0 1 0 1 0 1 0 1 0 1 0 1 0	0 1 0 1 0 1 0 1 0 1 0 1 0 1 0 1 0 1 0
+1 -1 +1 ini. +1 ini. -1 eos +1 -1 mid.	0 1 0 1 0 1 0 1 0 1 0 1 0 1 0 1 0 1 0	0 1 0 1 0 1 0 1 0 1 0 1 0 1 0 1 0 1 0
mid. eos +1 eos fin. rep. fin. +1 ini. fin. rep. +1 -1	0 6 12 11 12 11 12 11 12 11 12 11 12 11 12 11 12 11 12	0 6 12 11 12 11 12 11 12 11 12 11 12 11 12 11 12 11 12
+1 -1 fin. eos eos eos rep. -1	0 1 0 1 0 1 0 1 0 1 0 1 0 1 0 1 0 1 0	0 1 0 1 0 1 0 1 0 1 0 1 0 1 0 1 0 1 0
mid. rep. eos fin. eos fin. fin. +1 eos mid.	0 4	0 4
mid. rep. -1 -1 -1 rep. -1 -1 mid.	0 4 3 2 1 0 4 3 2 1 0 4 3 2 1 0 4 3 2	0 4 3 2 1 0 4 3 2 1 0 4 3 2 1 0 4 3 2
+1 +1 rep. fin. ini. rep. +1 fin. ini. fin. rep. -1	0 1 2 3 11 10 9 11 10 9 11 10 9 11 10 9 11 10 9	0 1 2 3 11 10 9 11 10 9 11 10 9 11 10 9 11 10 9
+1 eos ini. eos eos fin. +1 ini. fin. fin. mid.	0 1	0 1
mid. eos -1 rep. eos rep. fin. rep. +1 eos rep. -1	0 5 5 5 5 5 5 5 5 5 5 5 5 5 5 5 5 5 5	0 5 5 5 5 5 5 5 5 5 5 5 5 5 5 5 5 5 5
mid. fin. -1 ini. eos +1 eos eos rep. +1 -1 -1	0 5 6	0 5 6
+1 -1 +1 eos ini. ini. rep. eos ini. mid.	0 1 0 1 0 1 0 1 0 1 0 1 0 1 0 1 0 1 0	0 1 0 1 0 1 0 1 0 1 0 1 0 1 0 1 0 1 0
+1 +1 fin. eos -1 +1 +1 +1 rep. rep. -1 ini. +1 mid.	0 1 2 13 6 7 8 9 10 9 8 7 8 9 10 9 8 7 8	0 1 2 13 6 7 8 9 10 9 8 7 8 9 10 9 8 7 8
mid. rep. ini. eos eos eos rep. +1 fin. mid.	0 4	0 4
+1 eos -1 fin. -1 +1 rep. rep. +1 eos -1	0 1	0 1
mid. eos fin. ini. -1 rep. +1 eos fin. mid.	0 4 3 0 4 3 0 4 3 0 4 3 0 4 3 0 4 3 0	0 4 3 0 4 3 0 4 3 0 4 3 0 4 3 0 4 3 0
mid. ini. eos eos rep. +1 -1	0 3	0 3
mid. rep. -1 fin. -1 eos fin. rep. fin. -1	0 4 3 9 8 9 8 9 8 9 8 9 8 9 8 9 8 9 8	0 4 3 9 8 9 8 9 8 9 8 9 8 9 8 9 8 9 8
+1 rep. rep. rep. eos -1 -1	0 1 2 3 4	0 1 2 3 4
mid. -1 fin. -1 rep. -1 rep. eos -1 +1 +1 rep. mid.	0 6 6 6 6 6 6 6 6 6 6 6 6 6 6 6 6 6 6	0 6 6 6 6 6 6 6 6 6 6 6 6 6 6 6 6 6 6
mid. fin. +1 +1 ini. eos ini. eos rep. fin. fin. -1 eos mid.	0 6 0 6 0 6 0 6 0 6 0 6 0 6 0 6 0 6 0	0 6 0 6 0 6 0 6 0 6 0 6 0 6 0 6 0 6 0
+1 fin. ini. -1 rep. eos ini. fin. -1	0 1 8 7 8 7 8 7 8 7 8 7 8 7 8 7 8 7 8	0 1 8 7 8 7 8 7 8 7 8 7 8 7 8 7 8 7 8
mid. eos +1 fin. -1 ini. -1 rep. rep. -1 eos fin. mid.	0 6 5 0 6 5 0 6 5 0 6 5 0 6 5 0 6 5 0	0 6 5 0 6 5 0 6 5 0 6 5 0 6 5 0 6 5 0
mid. rep. eos eos +1 +1 -1	0 3	0 3
mid. +1 -1 rep. ini. eos ini. ini. fin. ini. ini. ini. rep. -1 -1	0 7 0 7 0 7 0 7 0 7 0 7 0 7 0 7 0 7 0	0 7 0 7 0 7 0 7 0 7 0 7 0 7 0 7 0 7 0
mid. +1 eos eos rep. eos eos rep. -1 +1 ini. rep. -1 mid.	0 6	0 6
+1 ini. +1 eos eos fin. +1 -1	0 1 0 1 0 1 0 1 0 1 0 1 0 1 0 1 0 1 0	0 1 0 1 0 1 0 1 0 1 0 1 0 1 0 1 0 1 0
mid. -1 eos -1 rep. -1 rep. eos fin. eos +1 mid.	0 5 4 3 2	0 5 4 3 2
mid. +1 ini. eos rep. eos -1	0 3	0 3
mid. rep. ini. ini. eos -1 eos fin. fin. eos fin. -1	0 5 4	0 5 4
mid. -1 -1 +1 fin. ini. fin. -1 +1 -1	0 4 9 8 9 8 9 8 9 8 9 8 9 8 9 8 9 8 9	0 4 9 8 9 8 9 8 9 8 9 8 9 8 9 8 9 8 9
+1 eos eos -1 eos fin. -1	0 1	0 1
mid. ini. -1 fin. eos -1 ini. fin. mid.	0 4	0 4
+1 -1 ini. fin. +1 fin. ini. ini. -1 +1 rep. eos mid.	0 1 0 1 0 1 0 1 0 1 0 1 0 1 0 1 0 1 0	0 1 0 1 0 1 0 1 0 1 0 1 0 1 0 1 0 1 0
+1 +1 +1 +1 eos -1 +1 rep. ini. rep. ini. -1	0 1 2 3 4	0 1 2 3 4
mid. eos fin. eos +1 +1 rep. -1 eos -1 +1 -1 mid.	0 6 6 6 6 6 6 6 6 6 6 6 6 6 6 6 6 6 6	0 6 6 6 6 6 6 6 6 6 6 6 6 6 6 6 6 6 6
+1 fin. eos fin. fin. +1 rep. +1 fin. -1	0 1 9 8 9 8 9 8 9 8 9 8 9 8 9 8 9 8 9	0 1 9 8 9 8 9 8 9 8 9 8 9 8 9 8 9 8 9
mid. +1 ini. rep. +1 -1 fin. +1 mid. eos eos ini. mid.	0 6 12 6 12 6 12 6 12 6 12 6 12 6 12 6 12 6 12	0 6 12 6 12 6 12 6 12 6 12 6 12 6 12 6 12 6 12
mid. fin. +1 ini. ini. ini. rep. mid.	0 3 0 3 0 3 0 3 0 3 0 3 0 3 0 3 0 3 0	0 3 0 3 0 3 0 3 0 3 0 3 0 3 0 3 0 3 0
+1 -1 eos eos +1 eos eos mid.	0 1 0 1 0 1 0 1 0 1 0 1 0 1 0 1 0 1 0	0 1 0 1 0 1 0 1 0 1 0 1 0 1 0 1 0 1 0
+1 +1 -1 +1 eos ini. ini. mid.	0 1 2 1 2 1 2 1 2 1 2 1 2 1 2 1 2 1 2	0 1 2 1 2 1 2 1 2 1 2 1 2 1 2 1 2 1 2
mid. eos eos fin. eos eos -1	0 3 6 5	0 3 6 5
+1 +1 -1 ini. +1 fin. ini. +1 -1 fin. rep. eos rep. -1	0 1 2 1 2 1 2 1 2 1 2 1 2 1 2 1 2 1 2	0 1 2 1 2 1 2 1 2 1 2 1 2 1 2 1 2 1 2
mid. eos +1 -1 -1 +1 -1 ini. fin. mid.	0 4 3 2 3 2 3 2 3 2 3 2 3 2 3 2 3 2 3	0 4 3 2 3 2 3 2 3 2 3 2 3 2 3 2 3 2 3
+1 +1 rep. eos ini. rep. -1	0 1 2 3	0 1 2 3
mid. rep. eos fin. eos eos mid.	0 3 6 3 6 3 6 3 6 3 6 3 6 3 6 3 6 3 6	0 3 6 3 6 3 6 3 6 3 6 3 6 3 6 3 6 3 6
+1 -1 rep. fin. eos eos ini. -1	0 1 0 1 0 1 0 1 0 1 0 1 0 1 0 1 0 1 0	0 1 0 1 0 1 0 1 0 1 0 1 0 1 0 1 0 1 0
mid. fin. fin. +1 eos fin. eos ini. ini. fin. -1	0 5 10 9 10 9 10 9 10 9 10 9 10 9 10 9 10 9 10	0 5 10 9 10 9 10 9 10 9 10 9 10 9 10 9 10 9 10
mid. rep. rep. ini. fin. ini. rep. eos ini. ini. -1 -1 -1	0 6 6 6 6 6 6 6 6 6 6 6 6 6 6 6 6 6 6	0 6 6 6 6 6 6 6 6 6 6 6 6 6 6 6 6 6 6
mid. ini. ini. eos eos ini. fin. eos rep. rep. ini. fin. fin. mid.	0 6 13 6 13 6 13 6 13 6 13 6 13 6 13 6 13 6 13	0 6 13 6 13 6 13 6 13 6 13 6 13 6 13 6 13 6 13
mid. rep. ini. fin. +1 -1 -1 rep. -1 eos eos -1	0 5 4 5 4 5 4 5 4 5 4 5 4 5 4 5 4 5 4	0 5 4 5 4 5 4 5 4 5 4 5 4 5 4 5 4 5 4
mid. rep. fin. eos fin. ini. +1 fin. +1 mid.	0 4 9 4 9 4 9 4 9 4 9 4 9 4 9 4 9 4 9	0 4 9 4 9 4 9 4 9 4 9 4 9 4 9 4 9 4 9
mid. rep. ini. eos rep. rep. rep. fin. ini. eos rep. mid.	0 5 5 5 5 5 5 5 5 5 5 5 5 5 5 5 5 5 5	0 5 5 5 5 5 5 5 5 5 5 5 5 5 5 5 5 5 5
+1 fin. -1 -1 +1 ini. rep. rep. -1 rep. eos rep. mid.	0 1 12 6 6 6 6 6 6 6 6 6 6 6 6 6 6 6 6	0 1 12 6 6 6 6 6 6 6 6 6 6 6 6 6 6 6 6
mid. fin. ini. eos +1 -1 fin. -1 -1 +1 rep. mid.	0 5 4 5 4 5 4 5 4 5 4 5 4 5 4 5 4 5 4	0 5 4 5 4 5 4 5 4 5 4 5 4 5 4 5 4 5 4
+1 +1 eos rep. -1 +1 rep. eos -1 fin. eos rep. fin. fin. mid.	0 1 2	0 1 2
mid. ini. fin. ini. eos fin. eos rep. fin. mid.	0 4	0 4
mid. eos eos eos ini. rep. +1 fin. -1	0 4 0 4 0 4 0 4 0 4 0 4 0 4 0 4 0 4 0	0 4 0 4 0 4 0 4 0 4 0 4 0 4 0 4 0 4 0
mid. ini. -1 +1 -1 fin. +1 ini. ini. fin. rep. fin. fin. rep. mid.	0 7 0 7 0 7 0 7 0 7 0 7 0 7 0 7 0 7 0	0 7 0 7 0 7 0 7 0 7 0 7 0 7 0 7 0 7 0
mid. rep. rep. eos ini. fin. rep. -1	0 3	0 3
mid. +1 -1 ini. +1 ini. -1 -1 eos -1 mid.	0 5 0 5 0 5 0 5 0 5 0 5 0 5 0 5 0 5 0	0 5 0 5 0 5 0 5 0 5 0 5 0 5 0 5 0 5 0
+1 fin. ini. ini. fin. rep. -1	0 1 6 5 4 6 5 4 6 5 4 6 5 4 6 5 4 6 5	0 1 6 5 4 6 5 4 6 5 4 6 5 4 6 5 4 6 5
mid. eos rep. eos +1 eos -1	0 3	0 3
+1 -1 rep. eos eos fin. -1	0 1 0 1 0 1 0 1 0 1 0 1 0 1 0 1 0 1 0	0 1 0 1 0 1 0 1 0 1 0 1 0 1 0 1 0 1 0
mid. eos +1 eos +1 ini. mid.	0 3	0 3
mid. +1 fin. eos eos rep. mid.	0 3	0 3
+1 +1 eos eos eos rep. +1 rep. -1	0 1 2	0 1 2
mid. -1 -1 ini. fin. -1 fin. eos +1 ini. eos mid.	0 5 4 11 5 4 11 5 4 11 5 4 11 5 4 11 5 4 11	0 5 4 11 5 4 11 5 4 11 5 4 11 5 4 11 5 4 11
mid. eos eos -1 ini. rep. eos +1 -1 mid.	0 4 0 4 0 4 0 4 0 4 0 4 0 4 0 4 0 4 0	0 4 0 4 0 4 0 4 0 4 0 4 0 4 0 4 0 4 0
+1 ini. ini. -1 eos fin. rep. fin. -1	0 1 0 1 0 1 0 1 0 1 0 1 0 1 0 1 0 1 0	0 1 0 1 0 1 0 1 0 1 0 1 0 1 0 1 0 1 0
mid. -1 eos ini. eos fin. ini. eos ini. mid.	0 4	0 4
+1 eos rep. ini. eos eos rep. +1 -1 eos fin. fin. fin. -1	0 1	0 1
mid. ini. fin. fin. eos -1 eos ini. ini. eos ini. ini. -1 mid.	0 6	0 6
mid. +1 +1 ini. -1 fin. eos ini. fin. eos +1 ini. mid.	0 6	0 6
mid. eos rep. +1 rep. eos +1 fin. ini. +1 rep. mid.	0 5	0 5
+1 fin. rep. eos rep. -1 ini. -1 fin. +1 mid.	0 1 10 5 4 3	0 1 10 5 4 3
mid. eos eos fin. eos rep. -1	0 3 6 5 4	0 3 6 5 4
mid. rep. eos eos +1 ini. fin. ini. ini. eos ini. mid.	0 5 0 5 0 5 0 5 0 5 0 5 0 5 0 5 0 5 0	0 5 0 5 0 5 0 5 0 5 0 5 0 5 0 5 0 5 0
+1 eos rep. eos eos eos -1	0 1	0 1
mid. +1 -1 -1 eos eos fin. rep. ini. ini. ini. +1 fin. -1	0 6 13 12 13 12 13 12 13 12 13 12 13 12 13 12 13 12 13	0 6 13 12 13 12 13 12 13 12 13 12 13 12 13 12 13 12 13
+1 eos -1 eos eos rep. mid.	0 1	0 1
mid. ini. fin. ini. ini. -1 eos fin. ini. ini. ini. rep. fin. +1 mid.	0 7 14 7 14 7 14 7 14 7 14 7 14 7 14 7 14 7 14	0 7 14 7 14 7 14 7 14 7 14 7 14 7 14 7 14 7 14
mid. -1 fin. ini. fin. fin. rep. eos eos eos ini. mid.	0 5 11 5 11 5 11 5 11 5 11 5 11 5 11 5 11 5 11	0 5 11 5 11 5 11 5 11 5 11 5 11 5 11 5 11 5 11
+1 eos eos fin. fin. +1 +1 -1	0 1	0 1
mid. -1 eos eos rep. -1 rep. -1 +1 rep. -1 mid.	0 5 4 3	0 5 4 3
mid. +1 -1 ini. ini. ini. rep. fin. -1	0 4 0 4 0 4 0 4 0 4 0 4 0 4 0 4 0 4 0	0 4 0 4 0 4 0 4 0 4 0 4 0 4 0 4 0 4 0
+1 -1 fin. rep. -1 eos fin. ini. ini. +1 rep. +1 mid. -1	0 1 0 1 0 1 0 1 0 1 0 1 0 1 0 1 0 1 0	0 1 0 1 0 1 0 1 0 1 0 1 0 1 0 1 0 1 0
+1 fin. rep. rep. rep. rep. rep. +1 +1 +1 fin. -1 mid.	0 1 12 6 6 6 6 6 6 6 6 6 6 6 6 6 6 6 6	0 1 12 6 6 6 6 6 6 6 6 6 6 6 6 6 6 6 6
mid. fin. -1 +1 fin. fin. ini. -1 +1 -1 eos eos mid.	0 6 0 6 0 6 0 6 0 6 0 6 0 6 0 6 0 6 0	0 6 0 6 0 6 0 6 0 6 0 6 0 6 0 6 0 6 0
mid. ini. fin. fin. rep. -1 rep. rep. rep. ini. rep. fin. rep. -1	0 6 6 6 6 6 6 6 6 6 6 6 6 6 6 6 6 6 6	0 6 6 6 6 6 6 6 6 6 6 6 6 6 6 6 6 6 6
+1 rep. eos ini. rep. rep. +1 mid.	0 1 2	0 1 2
+1 rep. rep. rep. eos -1 -1	0 1 2 3 4	0 1 2 3 4
mid. +1 eos ini. eos eos rep. -1	0 3 0 3 0 3 0 3 0 3 0 3 0 3 0 3 0 3 0	0 3 0 3 0 3 0 3 0 3 0 3 0 3 0 3 0 3 0
+1 eos -1 -1 eos eos -1 -1 ini. +1 eos rep. eos -1	0 1	0 1
+1 eos fin. fin. fin. rep. ini. +1 eos ini. +1 fin. eos mid.	0 1	0 1
mid. rep. rep. fin. rep. +1 +1 fin. eos rep. +1 eos -1 mid.	0 6 7 13 6 7 13 6 7 13 6 7 13 6 7 13 6 7 13	0 6 7 13 6 7 13 6 7 13 6 7 13 6 7 13 6 7 13
mid. +1 eos eos fin. +1 -1	0 3	0 3
+1 eos ini. fin. rep. ini. fin. -1 mid.	0 1	0 1
+1 eos +1 rep. fin. fin. +1 -1 mid.	0 1	0 1
mid. -1 rep. ini. eos eos eos -1	0 3 0 3 0 3 0 3 0 3 0 3 0 3 0 3 0 3 0	0 3 0 3 0 3 0 3 0 3 0 3 0 3 0 3 0 3 0
mid. rep. eos rep. rep. rep. fin. fin. -1 ini. fin. -1	0 5 5 5 5 5 5 5 5 5 5 5 5 5 5 5 5 5 5	0 5 5 5 5 5 5 5 5 5 5 5 5 5 5 5 5 5 5
eos +1 eos rep. +1 +1 -1	0	0
mid. -1 eos +1 -1 +1 ini. ini. ini. eos +1 ini. ini. rep. mid.	0 7 0 7 0 7 0 7 0 7 0 7 0 7 0 7 0 7 0	0 7 0 7 0 7 0 7 0 7 0 7 0 7 0 7 0 7 0
+1 -1 eos +1 rep. +1 rep. +1 +1 ini. mid.	0 1 0 1 0 1 0 1 0 1 0 1 0 1 0 1 0 1 0	0 1 0 1 0 1 0 1 0 1 0 1 0 1 0 1 0 1 0
mid. +1 rep. +1 +1 rep. eos fin. rep. fin. -1	0 5 5 5 5 5 5 5 5 5 5 5 5 5 5 5 5 5 5	0 5 5 5 5 5 5 5 5 5 5 5 5 5 5 5 5 5 5
+1 -1 ini. rep. +1 rep. rep. rep. -1	0 1 0 1 0 1 0 1 0 1 0 1 0 1 0 1 0 1 0	0 1 0 1 0 1 0 1 0 1 0 1 0 1 0 1 0 1 0
mid. eos rep. fin. eos fin. +1 ini. fin. rep. ini. eos fin. mid.	0 6 7 0 6 7 0 6 7 0 6 7 0 6 7 0 6 7 0	0 6 7 0 6 7 0 6 7 0 6 7 0 6 7 0 6 7 0
mid. eos rep. +1 fin. ini. fin. -1	0 3 4 7 6 7 6 7 6 7 6 7 6 7 6 7 6 7 6	0 3 4 7 6 7 6 7 6 7 6 7 6 7 6 7 6 7 6
mid. eos eos eos -1 fin. fin. eos ini. eos rep. mid.	0 5 11 5 11 5 11 5 11 5 11 5 11 5 11 5 11 5 11	0 5 11 5 11 5 11 5 11 5 11 5 11 5 11 5 11 5 11
+1 eos eos fin. ini. ini. -1	0 1	0 1
mid. +1 +1 rep. fin. -1 eos ini. eos ini. -1 -1	0 5 4 11 10 9 0 5 4 11 10 9 0 5 4 11 10 9 0	0 5 4 11 10 9 0 5 4 11 10 9 0 5 4 11 10 9 0
mid. rep. -1 -1 eos ini. eos mid.	0 3 2 1 0 3 2 1 0 3 2 1 0 3 2 1 0 3 2	0 3 2 1 0 3 2 1 0 3 2 1 0 3 2 1 0 3 2
mid. rep. -1 rep. -1 fin. -1 eos mid.	0 4 3 2 1 0 4 3 2 1 0 4 3 2 1 0 4 3 2	0 4 3 2 1 0 4 3 2 1 0 4 3 2 1 0 4 3 2
mid. +1 +1 +1 -1 eos -1 ini. eos -1 eos -1 fin. -1 -1	0 7 0 7 0 7 0 7 0 7 0 7 0 7 0 7 0 7 0	0 7 0 7 0 7 0 7 0 7 0 7 0 7 0 7 0 7 0
+1 -1 ini. rep. -1 -1 -1 rep. mid.	0 1 0 1 0 1 0 1 0 1 0 1 0 1 0 1 0 1 0	0 1 0 1 0 1 0 1 0 1 0 1 0 1 0 1 0 1 0
+1 +1 rep. eos +1 +1 eos +1 ini. rep. +1 eos rep. +1 mid.	0 1 2 3	0 1 2 3
mid. rep. eos fin. -1 rep. rep. rep. ini. mid.	0 4 3 9 4 3 9 4 3 9 4 3 9 4 3 9 4 3 9	0 4 3 9 4 3 9 4 3 9 4 3 9 4 3 9 4 3 9
+1 +1 rep. eos +1 ini. -1	0 1 2 3	0 1 2 3
mid. +1 eos -1 ini. fin. ini. rep. eos mid.	0 4 0 4 0 4 0 4 0 4 0 4 0 4 0 4 0 4 0	0 4 0 4 0 4 0 4 0 4 0 4 0 4 0 4 0 4 0
mid. +1 -1 rep. eos ini. fin. ini. ini. -1 +1 mid.	0 5 0 5 0 5 0 5 0 5 0 5 0 5 0 5 0 5 0	0 5 0 5 0 5 0 5 0 5 0 5 0 5 0 5 0 5 0
+1 eos rep. -1 fin. -1 ini. -1	0 1	0 1
+1 -1 ini. +1 ini. -1 -1 +1 fin. ini. fin. eos fin. rep. mid.	0 1 0 1 0 1 0 1 0 1 0 1 0 1 0 1 0 1 0	0 1 0 1 0 1 0 1 0 1 0 1 0 1 0 1 0 1 0
+1 fin. fin. eos eos eos -1 ini. -1 ini. ini. fin. +1 -1	0 1 13 12 13 12 13 12 13 12 13 12 13 12 13 12 13 12 13	0 1 13 12 13 12 13 12 13 12 13 12 13 12 13 12 13 12 13
mid. fin. eos -1 ini. -1 eos rep. eos ini. +1 ini. +1 -1	0 6	0 6
mid. -1 rep. +1 +1 ini. eos -1 eos mid.	0 4 5 0 4 5 0 4 5 0 4 5 0 4 5 0 4 5 0	0 4 5 0 4 5 0 4 5 0 4 5 0 4 5 0 4 5 0
mid. +1 fin. eos -1 eos -1 -1 rep. ini. fin. rep. mid.	0 6 5	0 6 5
mid. eos eos -1 eos fin. fin. rep. rep. ini. -1	0 5 10 9 0 5 10 9 0 5 10 9 0 5 10 9 0 5 10	0 5 10 9 0 5 10 9 0 5 10 9 0 5 10 9 0 5 10
mid. ini. fin. rep. fin. rep. rep. fin. fin. rep. ini. ini. +1 -1 mid.	0 7 14 7 14 7 14 7 14 7 14 7 14 7 14 7 14 7 14	0 7 14 7 14 7 14 7 14 7 14 7 14 7 14 7 14 7 14
mid. ini. eos fin. +1 ini. eos -1 fin. fin. ini. -1 -1	0 6	0 6
+1 +1 +1 rep. ini. fin. -1 fin. ini. fin. +1 -1 mid.	0 1 2 3 4 0 1 2 3 4 0 1 2 3 4 0 1 2 3	0 1 2 3 4 0 1 2 3 4 0 1 2 3 4 0 1 2 3
mid. fin. fin. eos +1 fin. -1	0 3	0 3
mid. fin. fin. rep. ini. ini. -1 +1 +1 -1 -1 -1 eos -1	0 6 5 0 6 5 0 6 5 0 6 5 0 6 5 0 6 5 0	0 6 5 0 6 5 0 6 5 0 6 5 0 6 5 0 6 5 0
mid. ini. eos ini. -1 rep. eos -1	0 3 0 3 0 3 0 3 0 3 0 3 0 3 0 3 0 3 0	0 3 0 3 0 3 0 3 0 3 0 3 0 3 0 3 0 3 0
mid. -1 rep. +1 fin. +1 fin. fin. ini. ini. eos rep. +1 mid.	0 6 13 6 13 6 13 6 13 6 13 6 13 6 13 6 13 6 13	0 6 13 6 13 6 13 6 13 6 13 6 13 6 13 6 13 6 13
+1 ini. eos fin. -1 +1 mid.	0 1 0 1 0 1 0 1 0 1 0 1 0 1 0 1 0 1 0	0 1 0 1 0 1 0 1 0 1 0 1 0 1 0 1 0 1 0
+1 eos -1 fin. -1 eos eos rep. rep. eos mid.	0 1	0 1
mid. fin. +1 ini. eos fin. eos mid.	0 3 0 3 0 3 0 3 0 3 0 3 0 3 0 3 0 3 0	0 3 0 3 0 3 0 3 0 3 0 3 0 3 0 3 0 3 0
+1 eos eos -1 fin. rep. ini. rep. eos -1	0 1	0 1
mid. fin. eos +1 eos -1 fin. +1 fin. ini. -1	0 5 4	0 5 4
mid. eos ini. rep. +1 eos mid.	0 3 3 3 3 3 3 3 3 3 3 3 3 3 3 3 3 3 3	0 3 3 3 3 3 3 3 3 3 3 3 3 3 3 3 3 3 3
+1 eos eos rep. fin. rep. rep. -1 -1 mid.	0 1	0 1
mid. +1 -1 fin. ini. rep. -1 ini. fin. ini. +1 rep. mid.	0 6 5 4 0 6 5 4 0 6 5 4 0 6 5 4 0 6 5	0 6 5 4 0 6 5 4 0 6 5 4 0 6 5 4 0 6 5
+1 rep. rep. ini. fin. rep. -1 ini. eos eos fin. -1 +1 fin. -1	0 1 2 3 0 1 2 3 0 1 2 3 0 1 2 3 0 1 2	0 1 2 3 0 1 2 3 0 1 2 3 0 1 2 3 0 1 2
+1 fin. +1 +1 fin. ini. ini. -1 eos -1 -1 +1 +1 rep. mid.	0 1 14 7 6 0 1 14 7 6 0 1 14 7 6 0 1 14 7	0 1 14 7 6 0 1 14 7 6 0 1 14 7 6 0 1 14 7
+1 +1 +1 +1 eos fin. ini. mid. rep. ini. mid.	0 1 2 3 4	0 1 2 3 4
mid. ini. ini. -1 fin. +1 rep. -1 -1 eos -1 +1 ini. ini. mid.	0 7 6 5 6 7 6 5 6 7 6 5 6 7 6 5 6 7 6	0 7 6 5 6 7 6 5 6 7 6 5 6 7 6 5 6 7 6
mid. fin. eos -1 +1 fin. eos -1	0 3 2	0 3 2
mid. +1 fin. -1 -1 -1 ini. -1 -1 fin. -1 ini. mid.	0 6 0 6 0 6 0 6 0 6 0 6 0 6 0 6 0 6 0	0 6 0 6 0 6 0 6 0 6 0 6 0 6 0 6 0 6 0
mid. fin. rep. +1 ini. eos eos eos rep. rep. -1 -1	0 5	0 5
mid. rep. ini. ini. -1 ini. ini. -1 ini. +1 eos +1 -1 ini.	0 6 0 6 0 6 0 6 0 6 0 6 0 6 0 6 0 6 0	0 6 0 6 0 6 0 6 0 6 0 6 0 6 0 6 0 6 0
mid. +1 rep. rep. rep. fin. -1 ini. fin. ini. eos fin. fin. mid.	0 6 5 13 6 5 13 6 5 13 6 5 13 6 5 13 6 5 13	0 6 5 13 6 5 13 6 5 13 6 5 13 6 5 13 6 5 13
mid. +1 rep. rep. rep. fin. ini. rep. -1 eos eos mid.	0 5 11 5 11 5 11 5 11 5 11 5 11 5 11 5 11 5 11	0 5 11 5 11 5 11 5 11 5 11 5 11 5 11 5 11 5 11
+1 fin. fin. -1 fin. +1 ini. fin. rep. -1 mid.	0 1 10 5 6 0 1 10 5 6 0 1 10 5 6 0 1 10 5	0 1 10 5 6 0 1 10 5 6 0 1 10 5 6 0 1 10 5
mid. ini. -1 rep. ini. +1 eos eos eos rep. eos mid.	0 5 6	0 5 6
+1 eos -1 eos eos +1 eos -1 ini. -1	0 1	0 1
mid. eos ini. fin. rep. +1 fin. rep. eos rep. -1 mid.	0 5 6 11 5 6 11 5 6 11 5 6 11 5 6 11 5 6 11	0 5 6 11 5 6 11 5 6 11 5 6 11 5 6 11 5 6 11
mid. eos eos ini. eos fin. -1	0 3 0 3 0 3 0 3 0 3 0 3 0 3 0 3 0 3 0	0 3 0 3 0 3 0 3 0 3 0 3 0 3 0 3 0 3 0
+1 eos eos ini. -1 fin. mid.	0 1	0 1
mid. -1 -1 rep. -1 eos eos eos -1	0 4 3 2 1 0 4 3 2 1 0 4 3 2 1 0 4 3 2	0 4 3 2 1 0 4 3 2 1 0 4 3 2 1 0 4 3 2
+1 eos eos eos eos ini. eos eos mid.	0 1	0 1
mid. +1 eos rep. eos ini. -1 +1 mid.	0 4	0 4
mid. -1 eos fin. -1 eos +1 -1 +1 fin. -1	0 5	0 5
mid. +1 eos +1 rep. +1 ini. +1 -1	0 4 4 4 4 4 4 4 4 4 4 4 4 4 4 4 4 4 4	0 4 4 4 4 4 4 4 4 4 4 4 4 4 4 4 4 4 4
mid. eos -1 eos rep. rep. -1 +1 eos fin. fin. -1	0 5 5 5 5 5 5 5 5 5 5 5 5 5 5 5 5 5 5	0 5 5 5 5 5 5 5 5 5 5 5 5 5 5 5 5 5 5
+1 +1 +1 rep. fin. -1 -1 eos eos ini. ini. ini. mid.	0 1 2 3 4 12 6 5 4 12 6 5 4 12 6 5 4 12 6	0 1 2 3 4 12 6 5 4 12 6 5 4 12 6 5 4 12 6
mid. -1 -1 rep. rep. +1 +1 rep. ini. fin. eos mid.	0 5 6 7 8 0 5 6 7 8 0 5 6 7 8 0 5 6 7	0 5 6 7 8 0 5 6 7 8 0 5 6 7 8 0 5 6 7
mid. +1 rep. ini. eos rep. fin. fin. eos ini. ini. fin. -1 eos mid.	0 7 14 7 14 7 14 7 14 7 14 7 14 7 14 7 14 7 14	0 7 14 7 14 7 14 7 14 7 14 7 14 7 14 7 14 7 14
mid. -1 rep. fin. fin. ini. rep. +1 -1 -1 -1 fin. eos eos mid.	0 7 8 7 8 7 8 7 8 7 8 7 8 7 8 7 8 7 8	0 7 8 7 8 7 8 7 8 7 8 7 8 7 8 7 8 7 8
+1 +1 fin. -1 ini. +1 +1 rep. eos ini. -1 +1 -1	0 1 2 12 11 12 11 12 11 12 11 12 11 12 11 12 11 12 11	0 1 2 12 11 12 11 12 11 12 11 12 11 12 11 12 11 12 11
+1 eos rep. fin. ini. fin. +1 rep. ini. rep. -1 -1	0 1	0 1
mid. ini. ini. -1 ini. fin. +1 rep. ini. ini. ini. ini. mid.	0 6 7 8 0 6 7 8 0 6 7 8 0 6 7 8 0 6 7	0 6 7 8 0 6 7 8 0 6 7 8 0 6 7 8 0 6 7
mid. -1 rep. -1 eos eos eos ini. ini. +1 rep. eos fin. ini. -1	0 7 0 7 0 7 0 7 0 7 0 7 0 7 0 7 0 7 0	0 7 0 7 0 7 0 7 0 7 0 7 0 7 0 7 0 7 0
+1 eos +1 ini. rep. fin. eos fin. eos fin. +1 -1 +1 mid.	0 1	0 1
mid. rep. ini. rep. eos ini. fin. ini. fin. mid.	0 4	0 4
mid. eos ini. fin. +1 rep. -1 -1 rep. -1 -1 ini. rep. mid.	0 6 5 4 5 6 5 4 5 6 5 4 5 6 5 4 5 6 5	0 6 5 4 5 6 5 4 5 6 5 4 5 6 5 4 5 6 5
mid. ini. rep. eos rep. eos mid.	0 3	0 3
mid. rep. fin. +1 rep. ini. ini. eos rep. fin. -1 -1 mid.	0 6 0 6 0 6 0 6 0 6 0 6 0 6 0 6 0 6 0	0 6 0 6 0 6 0 6 0 6 0 6 0 6 0 6 0 6 0
mid. eos ini. eos +1 fin. ini. rep. mid.	0 4 5 8 4 5 8 4 5 8 4 5 8 4 5 8 4 5 8	0 4 5 8 4 5 8 4 5 8 4 5 8 4 5 8 4 5 8
mid. ini. eos fin. fin. eos ini. -1	0 3 7 6 0 3 7 6 0 3 7 6 0 3 7 6 0 3 7	0 3 7 6 0 3 7 6 0 3 7 6 0 3 7 6 0 3 7
+1 rep. eos rep. ini. +1 eos +1 -1 -1	0 1 2	0 1 2
+1 eos ini. +1 +1 +1 fin. +1 eos mid.	0 1	0 1
mid. +1 ini. ini. rep. ini. -1	0 3 0 3 0 3 0 3 0 3 0 3 0 3 0 3 0 3 0	0 3 0 3 0 3 0 3 0 3 0 3 0 3 0 3 0 3 0
+1 fin. +1 -1 +1 mid. fin. eos -1 +1 rep. fin. eos mid.	0 1 13 6 13 6 13 6 13 6 13 6 13 6 13 6 13 6 13	0 1 13 6 13 6 13 6 13 6 13 6 13 6 13 6 13 6 13
mid. eos +1 eos +1 -1 mid.	0 3	0 3
mid. -1 eos eos eos -1 fin. ini. fin. mid.	0 4	0 4
+1 eos -1 rep. eos -1 mid.	0 1	0 1
mid. eos rep. -1 eos -1 -1	0 3 2 1	0 3 2 1
mid. eos eos +1 rep. eos fin. fin. mid.	0 4 4 4 4 4 4 4 4 4 4 4 4 4 4 4 4 4 4	0 4 4 4 4 4 4 4 4 4 4 4 4 4 4 4 4 4 4
+1 eos eos ini. -1 eos fin. rep. mid.	0 1	0 1
mid. -1 +1 eos fin. eos +1 -1	0 3	0 3
+1 rep. +1 rep. ini. -1 +1 ini. -1 eos ini. rep. fin. mid.	0 1 2 3 4 0 1 2 3 4 0 1 2 3 4 0 1 2 3	0 1 2 3 4 0 1 2 3 4 0 1 2 3 4 0 1 2 3
+1 fin. eos eos eos fin. -1	0 1 6 5 6 5 6 5 6 5 6 5 6 5 6 5 6 5 6	0 1 6 5 6 5 6 5 6 5 6 5 6 5 6 5 6 5 6
+1 fin. eos ini. ini. rep. rep. fin. -1 ini. mid.	0 1 10 5 5 5 5 5 5 5 5 5 5 5 5 5 5 5 5	0 1 10 5 5 5 5 5 5 5 5 5 5 5 5 5 5 5 5
+1 ini. ini. eos ini. -1 mid.	0 1 0 1 0 1 0 1 0 1 0 1 0 1 0 1 0 1 0	0 1 0 1 0 1 0 1 0 1 0 1 0 1 0 1 0 1 0
+1 ini. -1 -1 -1 rep. -1 rep. -1	0 1 0 1 0 1 0 1 0 1 0 1 0 1 0 1 0 1 0	0 1 0 1 0 1 0 1 0 1 0 1 0 1 0 1 0 1 0
+1 fin. eos rep. ini. rep. mid.	0 1 6 3 3 3 3 3 3 3 3 3 3 3 3 3 3 3 3	0 1 6 3 3 3 3 3 3 3 3 3 3 3 3 3 3 3 3
+1 rep. rep. eos ini. ini. rep. eos mid.	0 1 2 3	0 1 2 3
+1 eos -1 -1 eos rep. mid.	0 1	0 1
mid. eos ini. fin. +1 ini. fin. mid.	0 3 7 3 7 3 7 3 7 3 7 3 7 3 7 3 7 3 7	0 3 7 3 7 3 7 3 7 3 7 3 7 3 7 3 7 3 7
mid. +1 eos ini. eos +1 ini. -1 fin. eos ini. rep. rep. -1 mid.	0 7 6 0 7 6 0 7 6 0 7 6 0 7 6 0 7 6 0	0 7 6 0 7 6 0 7 6 0 7 6 0 7 6 0 7 6 0
+1 +1 -1 ini. -1 fin. -1 +1 mid.	0 1 2 1 2 1 2 1 2 1 2 1 2 1 2 1 2 1 2	0 1 2 1 2 1 2 1 2 1 2 1 2 1 2 1 2 1 2
+1 rep. -1 eos ini. -1 eos +1 +1 fin. +1 fin. eos fin. mid.	0 1 2 1 0 1 2 1 0 1 2 1 0 1 2 1 0 1 2	0 1 2 1 0 1 2 1 0 1 2 1 0 1 2 1 0 1 2
+1 +1 fin. -1 fin. rep. eos rep. eos eos fin. mid.	0 1 2 11 5 5 5 5 5 5 5 5 5 5 5 5 5 5 5	0 1 2 11 5 5 5 5 5 5 5 5 5 5 5 5 5 5 5
+1 fin. -1 rep. ini. eos rep. eos -1 +1 +1 rep. eos	0 1 12	0 1 12
+1 -1 -1 +1 rep. ini. -1 -1 eos rep. -1 fin. mid.	0 1 0 1 0 1 0 1 0 1 0 1 0 1 0 1 0 1 0	0 1 0 1 0 1 0 1 0 1 0 1 0 1 0 1 0 1 0
mid. +1 fin. +1 -1 -1 -1 rep. eos +1 -1 eos eos -1	0 6 5 4 3 4 3 4 3 4 3 4 3 4 3 4 3 4 3	0 6 5 4 3 4 3 4 3 4 3 4 3 4 3 4 3 4 3
+1 ini. rep. rep. +1 eos +1 rep. -1 eos -1	0 1 0 1 0 1 0 1 0 1 0 1 0 1 0 1 0 1 0	0 1 0 1 0 1 0 1 0 1 0 1 0 1 0 1 0 1 0
mid. rep. fin. rep. +1 -1 -1 ini. fin. -1 eos -1 +1 +1 mid.	0 7 0 7 0 7 0 7 0 7 0 7 0 7 0 7 0 7 0	0 7 0 7 0 7 0 7 0 7 0 7 0 7 0 7 0 7 0
+1 eos -1 -1 +1 fin. +1 rep. eos rep. fin. +1 eos -1	0 1	0 1
mid. +1 +1 eos eos eos -1	0 3	0 3
+1 eos -1 ini. rep. fin. ini. fin. fin. -1 ini. -1	0 1	0 1
+1 eos ini. rep. +1 eos fin. eos -1 eos mid.	0 1	0 1
+1 ini. rep. +1 ini. rep. rep. ini. +1 ini. rep. rep. ini. +1 -1	0 1 0 1 0 1 0 1 0 1 0 1 0 1 0 1 0 1 0	0 1 0 1 0 1 0 1 0 1 0 1 0 1 0 1 0 1 0
mid. fin. +1 +1 rep. -1 ini. rep. eos ini. -1 eos -1 mid.	0 6 0 6 0 6 0 6 0 6 0 6 0 6 0 6 0 6 0	0 6 0 6 0 6 0 6 0 6 0 6 0 6 0 6 0 6 0
+1 ini. fin. -1 rep. +1 rep. rep. eos eos mid.	0 1 0 1 0 1 0 1 0 1 0 1 0 1 0 1 0 1 0	0 1 0 1 0 1 0 1 0 1 0 1 0 1 0 1 0 1 0
mid. fin. ini. eos eos ini. ini. fin. ini. ini.	0 4	0 4
mid. rep. +1 eos fin. rep. fin. -1 -1 +1 ini. -1	0 5 5 5 5 5 5 5 5 5 5 5 5 5 5 5 5 5 5	0 5 5 5 5 5 5 5 5 5 5 5 5 5 5 5 5 5 5
+1 +1 ini. rep. rep. fin. +1 eos eos ini. ini. eos mid.	0 1 2 0 1 2 0 1 2 0 1 2 0 1 2 0 1 2 0	0 1 2 0 1 2 0 1 2 0 1 2 0 1 2 0 1 2 0
+1 fin. fin. -1 eos -1 rep. eos -1 -1 -1	0 1 10 9 8 7	0 1 10 9 8 7
mid. fin. +1 +1 rep. +1 eos ini. +1 ini. rep. mid.	0 5 6	0 5 6
mid. eos rep. rep. ini. ini. rep. fin. fin. rep. ini. eos mid.	0 6 6 6 6 6 6 6 6 6 6 6 6 6 6 6 6 6 6	0 6 6 6 6 6 6 6 6 6 6 6 6 6 6 6 6 6 6
mid. fin. rep. eos ini. -1 mid.	0 3	0 3
mid. ini. eos fin. rep. ini. fin. eos +1 rep. ini. ini. -1 fin. mid.	0 7	0 7
mid. fin. eos +1 eos -1 +1 +1 eos eos eos -1	0 5 4	0 5 4
mid. fin. ini. eos eos rep. rep. ini. eos ini. +1 -1 +1 -1	0 6 6 6 6 6 6 6 6 6 6 6 6 6 6 6 6 6 6	0 6 6 6 6 6 6 6 6 6 6 6 6 6 6 6 6 6 6
mid. fin. fin. +1 ini. fin. rep. rep. -1 rep. ini. -1 eos mid.	0 6 6 6 6 6 6 6 6 6 6 6 6 6 6 6 6 6 6	0 6 6 6 6 6 6 6 6 6 6 6 6 6 6 6 6 6 6
mid. +1 eos ini. eos fin. eos eos mid.	0 4	0 4
mid. +1 rep. eos +1 ini. eos +1 eos fin. mid.	0 5 0 5 0 5 0 5 0 5 0 5 0 5 0 5 0 5 0	0 5 0 5 0 5 0 5 0 5 0 5 0 5 0 5 0 5 0
mid. -1 eos ini. fin. +1 fin. mid.	0 3 0 3 0 3 0 3 0 3 0 3 0 3 0 3 0 3 0	0 3 0 3 0 3 0 3 0 3 0 3 0 3 0 3 0 3 0
+1 -1 +1 fin. eos eos eos eos mid.	0 1 0 1 0 1 0 1 0 1 0 1 0 1 0 1 0 1 0	0 1 0 1 0 1 0 1 0 1 0 1 0 1 0 1 0 1 0
+1 rep. eos -1 ini. eos eos -1 mid.	0 1 2	0 1 2
+1 +1 +1 rep. +1 fin. rep. eos ini. -1	0 1 2 3 4 5 9 8 0 1 2 3 4 5 9 8 0 1 2	0 1 2 3 4 5 9 8 0 1 2 3 4 5 9 8 0 1 2
mid. fin. -1 +1 fin. fin. rep. rep. eos ini. fin. mid.	0 5 11 5 11 5 11 5 11 5 11 5 11 5 11 5 11 5 11	0 5 11 5 11 5 11 5 11 5 11 5 11 5 11 5 11 5 11
+1 eos eos eos fin. eos fin. ini. ini. eos eos eos mid.	0 1	0 1
+1 ini. rep. ini. fin. ini. -1	0 1 0 1 0 1 0 1 0 1 0 1 0 1 0 1 0 1 0	0 1 0 1 0 1 0 1 0 1 0 1 0 1 0 1 0 1 0
mid. fin. rep. -1 +1 ini. -1 ini. rep. rep. eos -1	0 5 0 5 0 5 0 5 0 5 0 5 0 5 0 5 0 5 0	0 5 0 5 0 5 0 5 0 5 0 5 0 5 0 5 0 5 0
+1 fin. ini. rep. rep. ini. rep. mid.	0 1 7 3 3 3 3 3 3 3 3 3 3 3 3 3 3 3 3	0 1 7 3 3 3 3 3 3 3 3 3 3 3 3 3 3 3 3
+1 ini. rep. rep. eos rep. rep. fin. +1 +1 -1	0 1 0 1 0 1 0 1 0 1 0 1 0 1 0 1 0 1 0	0 1 0 1 0 1 0 1 0 1 0 1 0 1 0 1 0 1 0
+1 ini. +1 rep. rep. eos rep. fin. -1	0 1 0 1 0 1 0 1 0 1 0 1 0 1 0 1 0 1 0	0 1 0 1 0 1 0 1 0 1 0 1 0 1 0 1 0 1 0
+1 eos eos rep. eos +1 mid.	0 1	0 1
mid. -1 -1 rep. -1 rep. -1 eos fin. +1 fin. eos eos -1	0 6 5 4 3 2 1 0 6 5 4 3 2 1 0 6 5 4 3	0 6 5 4 3 2 1 0 6 5 4 3 2 1 0 6 5 4 3
mid. fin. rep. -1 eos ini. -1 eos -1	0 4	0 4
mid. eos rep. +1 fin. ini. -1 fin. ini. rep. -1 -1	0 5 0 5 0 5 0 5 0 5 0 5 0 5 0 5 0 5 0	0 5 0 5 0 5 0 5 0 5 0 5 0 5 0 5 0 5 0
+1 eos -1 +1 eos +1 -1 fin. +1 rep. rep. ini. -1 mid.	0 1	0 1
+1 eos ini. fin. fin. ini. -1	0 1	0 1
+1 eos eos +1 -1 +1 -1	0 1	0 1
mid. +1 eos eos -1 eos fin. -1 ini. eos mid.	0 5	0 5
mid. -1 ini. rep. ini. rep. ini. fin. ini. -1 fin. mid.	0 5 5 5 5 5 5 5 5 5 5 5 5 5 5 5 5 5 5	0 5 5 5 5 5 5 5 5 5 5 5 5 5 5 5 5 5 5
mid. +1 -1 -1 rep. fin. rep. ini. ini. rep. ini. rep. ini. ini. mid.	0 7 0 7 0 7 0 7 0 7 0 7 0 7 0 7 0 7 0	0 7 0 7 0 7 0 7 0 7 0 7 0 7 0 7 0 7 0
mid. fin. +1 +1 eos rep. rep. ini. fin. -1	0 4	0 4
mid. ini. -1 eos -1 -1 rep. -1 -1 eos ini. rep. +1 mid.	0 6 6 6 6 6 6 6 6 6 6 6 6 6 6 6 6 6 6	0 6 6 6 6 6 6 6 6 6 6 6 6 6 6 6 6 6 6
mid. +1 eos +1 -1 +1 eos ini. -1 eos fin. fin. -1	0 6	0 6
mid. eos ini. rep. eos fin. mid.	0 3 3 3 3 3 3 3 3 3 3 3 3 3 3 3 3 3 3	0 3 3 3 3 3 3 3 3 3 3 3 3 3 3 3 3 3 3
+1 -1 eos +1 rep. eos ini. mid.	0 1 0 1 0 1 0 1 0 1 0 1 0 1 0 1 0 1 0	0 1 0 1 0 1 0 1 0 1 0 1 0 1 0 1 0 1 0
mid. +1 -1 rep. fin. -1 rep. +1 +1 rep. eos rep. mid.	0 6 6 6 6 6 6 6 6 6 6 6 6 6 6 6 6 6 6	0 6 6 6 6 6 6 6 6 6 6 6 6 6 6 6 6 6 6
mid. eos eos eos -1 eos rep. -1	0 3	0 3
mid. rep. fin. -1 eos eos mid.	0 3 2 6 3 2 6 3 2 6 3 2 6 3 2 6 3 2 6	0 3 2 6 3 2 6 3 2 6 3 2 6 3 2 6 3 2 6
mid. rep. -1 +1 fin. ini. rep. +1 -1 eos ini. ini. rep. mid.	0 6 6 6 6 6 6 6 6 6 6 6 6 6 6 6 6 6 6	0 6 6 6 6 6 6 6 6 6 6 6 6 6 6 6 6 6 6
+1 eos eos eos rep. rep. +1 eos +1 fin. eos rep. rep. ini. mid.	0 1	0 1
mid. rep. -1 -1 eos ini. -1 -1 +1 fin. -1 -1	0 5 0 5 0 5 0 5 0 5 0 5 0 5 0 5 0 5 0	0 5 0 5 0 5 0 5 0 5 0 5 0 5 0 5 0 5 0
mid. fin. eos -1 rep. ini. ini. -1 rep. rep. mid.	0 5 0 5 0 5 0 5 0 5 0 5 0 5 0 5 0 5 0	0 5 0 5 0 5 0 5 0 5 0 5 0 5 0 5 0 5 0
mid. -1 ini. rep. rep. ini. fin. eos -1 mid.	0 4 4 4 4 4 4 4 4 4 4 4 4 4 4 4 4 4 4	0 4 4 4 4 4 4 4 4 4 4 4 4 4 4 4 4 4 4
eos rep. rep. ini. rep. +1 eos -1 ini. mid.	0	0
mid. eos ini. +1 eos eos rep. mid.	0 3 4	0 3 4
mid. -1 ini. ini. eos +1 ini. +1 fin. +1 ini. ini. fin. eos mid.	0 7 8 14 7 8 14 7 8 14 7 8 14 7 8 14 7 8 14	0 7 8 14 7 8 14 7 8 14 7 8 14 7 8 14 7 8 14
+1 -1 +1 -1 fin. ini. eos fin. ini. eos +1 rep. fin. -1	0 1 0 1 0 1 0 1 0 1 0 1 0 1 0 1 0 1 0	0 1 0 1 0 1 0 1 0 1 0 1 0 1 0 1 0 1 0
+1 fin. eos fin. rep. +1 -1 rep. +1 -1 -1	0 1 10 9 8 9 8 9 8 9 8 9 8 9 8 9 8 9 8	0 1 10 9 8 9 8 9 8 9 8 9 8 9 8 9 8 9 8
mid. rep. rep. fin. ini. -1 eos eos -1 ini. -1	0 5 4 0 5 4 0 5 4 0 5 4 0 5 4 0 5 4 0	0 5 4 0 5 4 0 5 4 0 5 4 0 5 4 0 5 4 0
mid. ini. fin. mid. -1 rep. ini. rep. rep. -1 eos +1 rep. ini. mid.	0 7 7 7 7 7 7 7 7 7 7 7 7 7 7 7 7 7 7	0 7 7 7 7 7 7 7 7 7 7 7 7 7 7 7 7 7 7
mid. fin. rep. ini. -1 +1 +1 ini. -1 fin. -1 -1 -1	0 6 7 0 6 7 0 6 7 0 6 7 0 6 7 0 6 7 0	0 6 7 0 6 7 0 6 7 0 6 7 0 6 7 0 6 7 0
+1 +1 eos rep. ini. eos mid.	0 1 2	0 1 2
+1 rep. +1 ini. ini. ini. eos rep. +1 +1 +1 eos +1 -1	0 1 2 3 0 1 2 3 0 1 2 3 0 1 2 3 0 1 2	0 1 2 3 0 1 2 3 0 1 2 3 0 1 2 3 0 1 2
+1 fin. +1 -1 -1 fin. eos eos ini. eos +1 ini. mid.	0 1 12 6	0 1 12 6
+1 eos fin. rep. eos eos mid.	0 1	0 1
mid. +1 rep. +1 rep. +1 eos ini. -1	0 4 4 4 4 4 4 4 4 4 4 4 4 4 4 4 4 4 4	0 4 4 4 4 4 4 4 4 4 4 4 4 4 4 4 4 4 4
+1 -1 ini. ini. +1 +1 -1 fin. -1	0 1 0 1 0 1 0 1 0 1 0 1 0 1 0 1 0 1 0	0 1 0 1 0 1 0 1 0 1 0 1 0 1 0 1 0 1 0
mid. rep. eos eos +1 +1 fin. ini. ini. fin. fin. eos -1	0 6 12 11	0 6 12 11
+1 -1 rep. eos eos fin. -1 -1 -1 eos rep. fin. -1 rep. -1	0 1 0 1 0 1 0 1 0 1 0 1 0 1 0 1 0 1 0	0 1 0 1 0 1 0 1 0 1 0 1 0 1 0 1 0 1 0
mid. eos eos +1 -1 +1 mid.	0 3 4 3 4 3 4 3 4 3 4 3 4 3 4 3 4 3 4	0 3 4 3 4 3 4 3 4 3 4 3 4 3 4 3 4 3 4
mid. eos rep. +1 -1 +1 +1 eos ini. rep. +1 -1	0 5 6 7	0 5 6 7
+1 ini. fin. ini. eos -1 fin. -1 ini. mid.	0 1 0 1 0 1 0 1 0 1 0 1 0 1 0 1 0 1 0	0 1 0 1 0 1 0 1 0 1 0 1 0 1 0 1 0 1 0
mid. +1 rep. eos eos -1 +1 rep. ini. eos rep. eos eos mid. mid.	0 7 7 7 7 7 7 7 7 7 7 7 7 7 7 7 7 7 7	0 7 7 7 7 7 7 7 7 7 7 7 7 7 7 7 7 7 7
+1 eos fin. ini. rep. eos fin. eos ini. eos mid.	0 1	0 1
mid. ini. ini. eos eos rep. fin. -1	0 3	0 3
+1 fin. +1 eos eos eos mid.	0 1 6 3	0 1 6 3
mid. +1 -1 rep. eos eos -1 -1	0 3 3 3 3 3 3 3 3 3 3 3 3 3 3 3 3 3 3	0 3 3 3 3 3 3 3 3 3 3 3 3 3 3 3 3 3 3
mid. ini. -1 ini. ini. rep. eos fin. +1 fin. -1 +1 -1	0 6	0 6
+1 rep. ini. rep. rep. -1 fin. eos fin. ini. -1 +1 -1	0 1 2 0 1 2 0 1 2 0 1 2 0 1 2 0 1 2 0	0 1 2 0 1 2 0 1 2 0 1 2 0 1 2 0 1 2 0
mid. eos eos ini. eos ini. mid.	0 3 0 3 0 3 0 3 0 3 0 3 0 3 0 3 0 3 0	0 3 0 3 0 3 0 3 0 3 0 3 0 3 0 3 0 3 0
mid. fin. eos -1 +1 -1 mid.	0 3 2	0 3 2
mid. rep. ini. +1 fin. +1 eos mid.	0 3 4 7 3 4 7 3 4 7 3 4 7 3 4 7 3 4 7	0 3 4 7 3 4 7 3 4 7 3 4 7 3 4 7 3 4 7
mid. -1 fin. +1 fin. rep. fin. fin. fin. eos +1 eos fin. mid.	0 6 13 6 13 6 13 6 13 6 13 6 13 6 13 6 13 6 13	0 6 13 6 13 6 13 6 13 6 13 6 13 6 13 6 13 6 13
+1 eos rep. rep. rep. +1 eos eos mid.	0 1	0 1
mid. -1 +1 +1 -1 rep. -1 ini. fin. eos eos -1 ini. -1 mid.	0 7 0 7 0 7 0 7 0 7 0 7 0 7 0 7 0 7 0	0 7 0 7 0 7 0 7 0 7 0 7 0 7 0 7 0 7 0
mid. fin. fin. ini. rep. eos rep. ini. +1 +1 +1 ini. rep. +1 mid.	0 7 0 7 0 7 0 7 0 7 0 7 0 7 0 7 0 7 0	0 7 0 7 0 7 0 7 0 7 0 7 0 7 0 7 0 7 0
+1 +1 rep. +1 +1 eos mid.	0 1 2 3 4 5	0 1 2 3 4 5
mid. rep. eos eos +1 rep. -1 +1 ini. ini. rep. rep. mid.	0 6 5 4 5 6 5 4 5 6 5 4 5 6 5 4 5 6 5	0 6 5 4 5 6 5 4 5 6 5 4 5 6 5 4 5 6 5
mid. fin. eos +1 ini. ini. ini. -1 -1 rep. fin. eos mid.	0 6 0 6 0 6 0 6 0 6 0 6 0 6 0 6 0 6 0	0 6 0 6 0 6 0 6 0 6 0 6 0 6 0 6 0 6 0
mid. eos fin. rep. eos fin. +1 rep. fin. -1	0 4	0 4
mid. rep. ini. ini. -1 eos -1 rep. eos +1 -1 rep. rep. mid.	0 6 5	0 6 5
mid. eos eos eos eos rep. -1	0 3	0 3
+1 ini. rep. rep. +1 fin. eos mid.	0 1 0 1 0 1 0 1 0 1 0 1 0 1 0 1 0 1 0	0 1 0 1 0 1 0 1 0 1 0 1 0 1 0 1 0 1 0
+1 eos eos ini. eos fin. rep. -1 -1	0 1	0 1
mid. eos -1 ini. rep. -1 rep. +1 ini. mid.	0 4 4 4 4 4 4 4 4 4 4 4 4 4 4 4 4 4 4	0 4 4 4 4 4 4 4 4 4 4 4 4 4 4 4 4 4 4
+1 fin. eos eos ini. -1 ini. -1 +1 ini. -1	0 1 10 9 0 1 10 9 0 1 10 9 0 1 10 9 0 1 10	0 1 10 9 0 1 10 9 0 1 10 9 0 1 10 9 0 1 10
mid. +1 fin. eos eos fin. eos eos mid.	0 4	0 4
+1 +1 eos eos rep. fin. +1 ini. fin. -1	0 1 2	0 1 2
mid. -1 +1 -1 eos rep. fin. ini. +1 fin. +1 fin. mid.	0 6 12 6 12 6 12 6 12 6 12 6 12 6 12 6 12 6 12	0 6 12 6 12 6 12 6 12 6 12 6 12 6 12 6 12 6 12
+1 rep. -1 +1 +1 fin. eos fin. +1 -1 eos rep. ini. rep. -1	0 1 2 1 0 1 2 1 0 1 2 1 0 1 2 1 0 1 2	0 1 2 1 0 1 2 1 0 1 2 1 0 1 2 1 0 1 2
mid. fin. -1 +1 +1 ini. rep. rep. ini. +1 fin. ini. fin. +1 mid.	0 7 7 7 7 7 7 7 7 7 7 7 7 7 7 7 7 7 7	0 7 7 7 7 7 7 7 7 7 7 7 7 7 7 7 7 7 7
mid. +1 eos +1 fin. ini. +1 fin. -1 ini. eos +1 +1 -1	0 6 7 13 12 13 12 13 12 13 12 13 12 13 12 13 12 13 12	0 6 7 13 12 13 12 13 12 13 12 13 12 13 12 13 12 13 12
mid. ini. rep. eos ini. eos fin. -1	0 3	0 3
mid. fin. ini. eos rep. +1 -1 mid.	0 3	0 3
+1 +1 rep. -1 eos fin. eos +1 -1 rep. -1	0 1 2 3 2 1 2 3 2 1 2 3 2 1 2 3 2 1 2	0 1 2 3 2 1 2 3 2 1 2 3 2 1 2 3 2 1 2
mid. rep. ini. eos fin. -1 ini. rep. -1 rep. ini. ini. fin. mid.	0 6 0 6 0 6 0 6 0 6 0 6 0 6 0 6 0 6 0	0 6 0 6 0 6 0 6 0 6 0 6 0 6 0 6 0 6 0
mid. ini. -1 +1 rep. ini. rep. rep. fin. ini. ini. rep. eos mid.	0 6 6 6 6 6 6 6 6 6 6 6 6 6 6 6 6 6 6	0 6 6 6 6 6 6 6 6 6 6 6 6 6 6 6 6 6 6
+1 +1 ini. ini. mid. eos fin. +1 ini. rep. ini. +1 +1 -1 mid.	0 1 2 0 1 2 0 1 2 0 1 2 0 1 2 0 1 2 0	0 1 2 0 1 2 0 1 2 0 1 2 0 1 2 0 1 2 0
mid. eos eos eos fin. fin. -1 +1 rep. -1	0 4 9 8 7 8 9 8 7 8 9 8 7 8 9 8 7 8 9	0 4 9 8 7 8 9 8 7 8 9 8 7 8 9 8 7 8 9
mid. -1 -1 ini. -1 ini. ini. eos fin. fin. fin. mid.	0 5 0 5 0 5 0 5 0 5 0 5 0 5 0 5 0 5 0	0 5 0 5 0 5 0 5 0 5 0 5 0 5 0 5 0 5 0
+1 eos +1 eos -1 -1 eos +1 fin. -1 -1	0 1	0 1
+1 fin. fin. fin. fin. fin. ini. rep. -1 ini. mid.	0 1 10 5 10 5 10 5 10 5 10 5 10 5 10 5 10 5 10	0 1 10 5 10 5 10 5 10 5 10 5 10 5 10 5 10 5 10
+1 -1 eos eos ini. ini. -1 eos ini. -1	0 1 0 1 0 1 0 1 0 1 0 1 0 1 0 1 0 1 0	0 1 0 1 0 1 0 1 0 1 0 1 0 1 0 1 0 1 0
mid. ini. eos rep. rep. +1 eos +1 fin. eos -1	0 5 6	0 5 6
mid. ini. +1 eos +1 +1 fin. -1 mid.	0 4 5 6 8 4 5 6 8 4 5 6 8 4 5 6 8 4 5	0 4 5 6 8 4 5 6 8 4 5 6 8 4 5 6 8 4 5
mid. +1 rep. rep. eos rep. -1 eos ini. +1 -1 mid.	0 5 5 5 5 5 5 5 5 5 5 5 5 5 5 5 5 5 5	0 5 5 5 5 5 5 5 5 5 5 5 5 5 5 5 5 5 5
+1 +1 fin. ini. eos ini. -1	0 1 2 6 5 0 1 2 6 5 0 1 2 6 5 0 1 2 6	0 1 2 6 5 0 1 2 6 5 0 1 2 6 5 0 1 2 6
mid. ini. eos +1 -1 eos eos -1	0 3 4 3 4 3 4 3 4 3 4 3 4 3 4 3 4 3 4	0 3 4 3 4 3 4 3 4 3 4 3 4 3 4 3 4 3 4
+1 -1 -1 fin. rep. rep. -1 -1 rep. eos eos -1	0 1 0 1 0 1 0 1 0 1 0 1 0 1 0 1 0 1 0	0 1 0 1 0 1 0 1 0 1 0 1 0 1 0 1 0 1 0
+1 rep. +1 eos -1 mid. rep. -1	0 1 2 3	0 1 2 3
mid. eos +1 rep. -1 -1 +1 +1 +1 mid.	0 4 3 2 3 4 3 2 3 4 3 2 3 4 3 2 3 4 3	0 4 3 2 3 4 3 2 3 4 3 2 3 4 3 2 3 4 3
mid. eos eos +1 rep. fin. +1 +1 eos rep. mid.	0 5 10 5 10 5 10 5 10 5 10 5 10 5 10 5 10 5 10	0 5 10 5 10 5 10 5 10 5 10 5 10 5 10 5 10 5 10
mid. ini. eos rep. fin. rep. -1 ini. fin. rep. fin. ini. -1	0 6 5 4 12 11 0 6 5 4 12 11 0 6 5 4 12 11 0	0 6 5 4 12 11 0 6 5 4 12 11 0 6 5 4 12 11 0
+1 +1 rep. eos fin. eos ini. eos mid.	0 1 2 3	0 1 2 3
mid. +1 rep. eos eos ini. mid.	0 3	0 3
mid. rep. ini. ini. eos fin. eos ini. eos eos fin. mid.	0 5 11 5 11 5 11 5 11 5 11 5 11 5 11 5 11 5 11	0 5 11 5 11 5 11 5 11 5 11 5 11 5 11 5 11 5 11
mid. -1 +1 fin. rep. +1 ini. -1 ini. -1 ini. mid.	0 5 6 0 5 6 0 5 6 0 5 6 0 5 6 0 5 6 0	0 5 6 0 5 6 0 5 6 0 5 6 0 5 6 0 5 6 0
mid. ini. fin. +1 -1 ini. rep. -1 eos eos mid.	0 5 0 5 0 5 0 5 0 5 0 5 0 5 0 5 0 5 0	0 5 0 5 0 5 0 5 0 5 0 5 0 5 0 5 0 5 0
mid. fin. fin. eos rep. +1 +1 mid.	0 3	0 3
+1 +1 +1 -1 rep. rep. rep. -1 eos rep. fin. -1 mid.	0 1 2 3 2 3 2 3 2 3 2 3 2 3 2 3 2 3 2	0 1 2 3 2 3 2 3 2 3 2 3 2 3 2 3 2 3 2
mid. eos eos rep. fin. fin. +1 mid.	0 3 3 3 3 3 3 3 3 3 3 3 3 3 3 3 3 3 3	0 3 3 3 3 3 3 3 3 3 3 3 3 3 3 3 3 3 3
mid. ini. rep. eos eos rep. ini. ini. fin. -1	0 4	0 4
+1 ini. eos fin. ini. ini. rep. ini. +1 ini. mid.	0 1 0 1 0 1 0 1 0 1 0 1 0 1 0 1 0 1 0	0 1 0 1 0 1 0 1 0 1 0 1 0 1 0 1 0 1 0
mid. eos eos eos fin. eos eos rep. mid.	0 4 8 4 8 4 8 4 8 4 8 4 8 4 8 4 8 4 8	0 4 8 4 8 4 8 4 8 4 8 4 8 4 8 4 8 4 8
mid. rep. fin. fin. rep. -1 fin. rep. +1 fin. ini. rep. +1 -1	0 6 13 12 13 12 13 12 13 12 13 12 13 12 13 12 13 12 13	0 6 13 12 13 12 13 12 13 12 13 12 13 12 13 12 13 12 13
mid. ini. rep. eos -1 rep. rep. fin. rep. -1 rep. ini. fin. rep. mid.	0 7 14 7 14 7 14 7 14 7 14 7 14 7 14 7 14 7 14	0 7 14 7 14 7 14 7 14 7 14 7 14 7 14 7 14 7 14
mid. eos eos -1 ini. ini. rep. fin. +1 -1	0 4 0 4 0 4 0 4 0 4 0 4 0 4 0 4 0 4 0	0 4 0 4 0 4 0 4 0 4 0 4 0 4 0 4 0 4 0
+1 eos eos fin. rep. -1 -1 eos eos mid.	0 1	0 1
mid. rep. ini. eos eos ini. eos -1	0 3	0 3
+1 ini. ini. ini. eos +1 -1	0 1 0 1 0 1 0 1 0 1 0 1 0 1 0 1 0 1 0	0 1 0 1 0 1 0 1 0 1 0 1 0 1 0 1 0 1 0
+1 eos eos fin. fin. fin. eos ini. -1 eos +1 mid.	0 1	0 1
mid. ini. fin. rep. rep. fin. +1 rep. -1	0 4 4 4 4 4 4 4 4 4 4 4 4 4 4 4 4 4 4	0 4 4 4 4 4 4 4 4 4 4 4 4 4 4 4 4 4 4
mid. -1 fin. rep. fin. fin. eos ini. eos eos rep. eos mid.	0 6	0 6
fin. fin. rep. eos -1 -1 eos +1 +1 rep. fin. rep. mid.	0 12 6	0 12 6
mid. fin. eos +1 eos rep. eos +1 mid.	0 4	0 4
mid. fin. rep. fin. fin. +1 rep. +1 mid.	0 4 8 4 8 4 8 4 8 4 8 4 8 4 8 4 8 4 8	0 4 8 4 8 4 8 4 8 4 8 4 8 4 8 4 8 4 8
+1 ini. -1 eos eos eos +1 -1 mid.	0 1 0 1 0 1 0 1 0 1 0 1 0 1 0 1 0 1 0	0 1 0 1 0 1 0 1 0 1 0 1 0 1 0 1 0 1 0
+1 -1 +1 fin. ini. -1 -1 -1 eos -1 +1 eos ini. mid.	0 1 0 1 0 1 0 1 0 1 0 1 0 1 0 1 0 1 0	0 1 0 1 0 1 0 1 0 1 0 1 0 1 0 1 0 1 0
mid. -1 fin. rep. rep. rep. eos rep. fin. +1 eos mid.	0 5 5 5 5 5 5 5 5 5 5 5 5 5 5 5 5 5 5	0 5 5 5 5 5 5 5 5 5 5 5 5 5 5 5 5 5 5
mid. ini. -1 eos fin. eos mid.	0 3	0 3
+1 +1 rep. -1 rep. -1 fin. rep. eos mid.	0 1 2 3 2 1 2 3 2 1 2 3 2 1 2 3 2 1 2	0 1 2 3 2 1 2 3 2 1 2 3 2 1 2 3 2 1 2
+1 eos eos +1 +1 rep. rep. rep. ini. -1 eos mid.	0 1	0 1
+1 rep. ini. +1 rep. +1 ini. fin. ini. fin. mid.	0 1 2 0 1 2 0 1 2 0 1 2 0 1 2 0 1 2 0	0 1 2 0 1 2 0 1 2 0 1 2 0 1 2 0 1 2 0
+1 +1 -1 fin. rep. rep. +1 fin. rep. fin. -1	0 1 2 1 2 1 2 1 2 1 2 1 2 1 2 1 2 1 2	0 1 2 1 2 1 2 1 2 1 2 1 2 1 2 1 2 1 2
+1 eos eos eos fin. fin. ini. -1 +1 +1 mid.	0 1	0 1
+1 ini. -1 ini. rep. -1 eos -1 ini. +1 eos -1	0 1 0 1 0 1 0 1 0 1 0 1 0 1 0 1 0 1 0	0 1 0 1 0 1 0 1 0 1 0 1 0 1 0 1 0 1 0
+1 eos eos eos +1 +1 mid.	0 1	0 1
+1 -1 eos fin. eos eos ini. -1 fin. eos -1	0 1 0 1 0 1 0 1 0 1 0 1 0 1 0 1 0 1 0	0 1 0 1 0 1 0 1 0 1 0 1 0 1 0 1 0 1 0
+1 ini. +1 rep. +1 ini. rep. ini. ini. rep. eos -1 -1	0 1 0 1 0 1 0 1 0 1 0 1 0 1 0 1 0 1 0	0 1 0 1 0 1 0 1 0 1 0 1 0 1 0 1 0 1 0
fin. rep. fin. fin. rep. rep. eos mid.	0 7 3 7 3 7 3 7 3 7 3 7 3 7 3 7 3 7 3	0 7 3 7 3 7 3 7 3 7 3 7 3 7 3 7 3 7 3
+1 rep. eos -1 eos rep. eos -1	0 1 2	0 1 2
mid. rep. eos -1 eos rep. mid.	0 3 2	0 3 2
+1 ini. rep. fin. eos -1 -1 mid.	0 1 0 1 0 1 0 1 0 1 0 1 0 1 0 1 0 1 0	0 1 0 1 0 1 0 1 0 1 0 1 0 1 0 1 0 1 0
mid. rep. fin. +1 fin. -1 ini. fin. ini. eos -1 -1 mid.	0 6 0 6 0 6 0 6 0 6 0 6 0 6 0 6 0 6 0	0 6 0 6 0 6 0 6 0 6 0 6 0 6 0 6 0 6 0
+1 rep. eos fin. rep. -1 -1 +1 +1 ini. -1 mid.	0 1 2	0 1 2
+1 -1 rep. -1 rep. -1 ini. mid.	0 1 0 1 0 1 0 1 0 1 0 1 0 1 0 1 0 1 0	0 1 0 1 0 1 0 1 0 1 0 1 0 1 0 1 0 1 0
+1 eos +1 eos fin. rep. eos eos fin. mid.	0 1	0 1
mid. -1 +1 fin. eos ini. +1 eos rep. -1 +1 +1 -1 mid.	0 6 7	0 6 7
mid. fin. rep. eos rep. ini. +1 rep. rep. -1	0 4 4 4 4 4 4 4 4 4 4 4 4 4 4 4 4 4 4	0 4 4 4 4 4 4 4 4 4 4 4 4 4 4 4 4 4 4
mid. +1 eos fin. fin. ini. +1 rep. +1 -1 mid.	0 5 0 5 0 5 0 5 0 5 0 5 0 5 0 5 0 5 0	0 5 0 5 0 5 0 5 0 5 0 5 0 5 0 5 0 5 0
mid. -1 eos eos eos eos mid.	0 3	0 3
mid. +1 eos ini. +1 -1 eos eos rep. -1 eos +1 -1	0 6	0 6
+1 eos -1 eos fin. +1 mid.	0 1	0 1
+1 eos eos eos eos eos rep. -1 -1	0 1	0 1
mid. fin. ini. ini. eos rep. +1 rep. fin. -1 fin. +1 mid.	0 6 7 8 12 6 7 8 12 6 7 8 12 6 7 8 12 6 7	0 6 7 8 12 6 7 8 12 6 7 8 12 6 7 8 12 6 7
mid. +1 rep. -1 eos -1 fin. fin. eos rep. rep. mid.	0 5 4	0 5 4
mid. eos ini. ini. eos rep. ini. fin. rep. fin. -1	0 5 5 5 5 5 5 5 5 5 5 5 5 5 5 5 5 5 5	0 5 5 5 5 5 5 5 5 5 5 5 5 5 5 5 5 5 5
mid. ini. rep. ini. -1 eos ini. rep. rep. -1	0 4 3 0 4 3 0 4 3 0 4 3 0 4 3 0 4 3 0	0 4 3 0 4 3 0 4 3 0 4 3 0 4 3 0 4 3 0
mid. eos eos fin. +1 rep. ini. ini. mid.	0 4 5 6 0 4 5 6 0 4 5 6 0 4 5 6 0 4 5	0 4 5 6 0 4 5 6 0 4 5 6 0 4 5 6 0 4 5
+1 eos +1 ini. rep. ini. eos mid.	0 1	0 1
+1 rep. -1 -1 rep. eos rep. fin. -1 rep. eos +1 mid.	0 1 2 1 0 1 2 1 0 1 2 1 0 1 2 1 0 1 2	0 1 2 1 0 1 2 1 0 1 2 1 0 1 2 1 0 1 2
mid. -1 -1 eos fin. fin. eos rep. eos -1 +1 eos -1	0 6	0 6
+1 eos -1 fin. ini. ini. ini. rep. -1 -1 rep. +1 mid.	0 1	0 1
mid. -1 rep. ini. +1 fin. +1 -1 rep. -1 ini. -1	0 5 11 10 0 5 11 10 0 5 11 10 0 5 11 10 0 5 11	0 5 11 10 0 5 11 10 0 5 11 10 0 5 11 10 0 5 11
+1 eos fin. rep. eos eos -1	0 1	0 1
mid. eos eos eos eos fin. eos mid.	0 3	0 3
mid. eos eos fin. ini. eos +1 rep. -1 rep. mid.	0 5	0 5
mid. eos -1 -1 -1 rep. eos fin. eos rep. ini. ini. +1 rep. -1	0 7 14 13 12 13 14 13 12 13 14 13 12 13 14 13 12 13 14	0 7 14 13 12 13 14 13 12 13 14 13 12 13 14 13 12 13 14
mid. eos eos eos fin. rep. rep. fin. -1	0 4 8 7 8 7 8 7 8 7 8 7 8 7 8 7 8 7 8	0 4 8 7 8 7 8 7 8 7 8 7 8 7 8 7 8 7 8
+1 -1 eos rep. ini. eos -1	0 1 0 1 0 1 0 1 0 1 0 1 0 1 0 1 0 1 0	0 1 0 1 0 1 0 1 0 1 0 1 0 1 0 1 0 1 0
+1 fin. ini. -1 -1 eos +1 mid.	0 1 7 3 2 0 1 7 3 2 0 1 7 3 2 0 1 7 3	0 1 7 3 2 0 1 7 3 2 0 1 7 3 2 0 1 7 3
mid. rep. ini. ini. fin. +1 fin. rep. +1 eos ini. -1	0 5 6 11 10 0 5 6 11 10 0 5 6 11 10 0 5 6 11	0 5 6 11 10 0 5 6 11 10 0 5 6 11 10 0 5 6 11
+1 rep. rep. rep. fin. rep. +1 ini. fin. ini. ini. -1 mid.	0 1 2 3 4 12 6 7 0 1 2 3 4 12 6 7 0 1 2	0 1 2 3 4 12 6 7 0 1 2 3 4 12 6 7 0 1 2
mid. eos ini. eos rep. eos ini. eos rep. +1 mid.	0 5	0 5
+1 rep. -1 fin. ini. ini. -1	0 1 2 1 0 1 2 1 0 1 2 1 0 1 2 1 0 1 2	0 1 2 1 0 1 2 1 0 1 2 1 0 1 2 1 0 1 2
+1 eos rep. rep. fin. rep. eos +1 mid.	0 1	0 1
mid. -1 rep. ini. eos eos mid.	0 3 0 3 0 3 0 3 0 3 0 3 0 3 0 3 0 3 0	0 3 0 3 0 3 0 3 0 3 0 3 0 3 0 3 0 3 0
mid. eos fin. eos rep. eos eos mid.	0 3	0 3
+1 fin. +1 +1 +1 eos eos ini. eos fin. eos mid.	0 1 11 5	0 1 11 5
mid. +1 +1 +1 -1 -1 ini. -1 -1 -1 -1 -1 ini. mid.	0 6 0 6 0 6 0 6 0 6 0 6 0 6 0 6 0 6 0	0 6 0 6 0 6 0 6 0 6 0 6 0 6 0 6 0 6 0
mid. eos eos +1 -1 eos fin. +1 rep. eos -1 ini. mid.	0 6 12 6 12 6 12 6 12 6 12 6 12 6 12 6 12 6 12	0 6 12 6 12 6 12 6 12 6 12 6 12 6 12 6 12 6 12
mid. -1 ini. eos fin. +1 +1 +1 -1 +1 ini. mid.	0 5 6 7 8 7 8 7 8 7 8 7 8 7 8 7 8 7 8	0 5 6 7 8 7 8 7 8 7 8 7 8 7 8 7 8 7 8
mid. -1 +1 ini. rep. +1 eos fin. +1 +1 eos -1 +1 eos -1	0 7 14 13	0 7 14 13
+1 ini. eos ini. rep. ini. +1 -1 -1 mid.	0 1 0 1 0 1 0 1 0 1 0 1 0 1 0 1 0 1 0	0 1 0 1 0 1 0 1 0 1 0 1 0 1 0 1 0 1 0
mid. rep. rep. +1 +1 eos eos ini. ini. +1 rep. mid.	0 5	0 5
mid. rep. +1 eos ini. eos -1	0 3	0 3
mid. fin. +1 eos eos eos eos -1	0 3	0 3
mid. -1 eos eos rep. ini. mid.	0 3	0 3
mid. rep. eos fin. ini. fin. +1 ini. eos ini. eos +1 rep. rep. mid.	0 7 0 7 0 7 0 7 0 7 0 7 0 7 0 7 0 7 0	0 7 0 7 0 7 0 7 0 7 0 7 0 7 0 7 0 7 0
mid. ini. -1 ini. -1 ini. eos eos rep. -1	0 4 3 0 4 3 0 4 3 0 4 3 0 4 3 0 4 3 0	0 4 3 0 4 3 0 4 3 0 4 3 0 4 3 0 4 3 0
mid. rep. rep. ini. rep. eos fin. eos -1 -1 fin. eos +1 fin. -1	0 7	0 7
mid. eos +1 eos +1 ini. eos mid.	0 3	0 3
+1 rep. eos ini. fin. fin. eos fin. eos eos -1	0 1 2	0 1 2
mid. eos eos ini. +1 -1 fin. eos +1 -1 eos mid.	0 5 4 5 4 5 4 5 4 5 4 5 4 5 4 5 4 5 4	0 5 4 5 4 5 4 5 4 5 4 5 4 5 4 5 4 5 4
mid. eos eos ini. eos +1 ini. mid.	0 3 0 3 0 3 0 3 0 3 0 3 0 3 0 3 0 3 0	0 3 0 3 0 3 0 3 0 3 0 3 0 3 0 3 0 3 0
+1 eos rep. -1 eos fin. eos rep. ini. rep. mid.	0 1	0 1
mid. eos +1 ini. fin. ini. +1 eos mid.	0 4 8 4 8 4 8 4 8 4 8 4 8 4 8 4 8 4 8	0 4 8 4 8 4 8 4 8 4 8 4 8 4 8 4 8 4 8
mid. ini. ini. eos +1 rep. eos rep. -1 mid.	0 4 5 6	0 4 5 6
mid. +1 rep. eos ini. rep. +1 -1 -1 eos rep. ini. ini. mid.	0 6 7 6 7 6 7 6 7 6 7 6 7 6 7 6 7 6 7	0 6 7 6 7 6 7 6 7 6 7 6 7 6 7 6 7 6 7
mid. eos rep. ini. fin. eos rep. rep. ini. mid.	0 4 9 4 9 4 9 4 9 4 9 4 9 4 9 4 9 4 9	0 4 9 4 9 4 9 4 9 4 9 4 9 4 9 4 9 4 9
mid. ini. +1 fin. rep. fin. -1 -1	0 3 7 6 5 7 6 5 7 6 5 7 6 5 7 6 5 7 6	0 3 7 6 5 7 6 5 7 6 5 7 6 5 7 6 5 7 6
mid. rep. -1 fin. ini. rep. -1 rep. rep. -1 eos mid.	0 5 5 5 5 5 5 5 5 5 5 5 5 5 5 5 5 5 5	0 5 5 5 5 5 5 5 5 5 5 5 5 5 5 5 5 5 5
mid. +1 -1 fin. ini. ini. -1 rep. rep. fin. eos -1 -1 mid.	0 6 5 0 6 5 0 6 5 0 6 5 0 6 5 0 6 5 0	0 6 5 0 6 5 0 6 5 0 6 5 0 6 5 0 6 5 0
mid. eos eos ini. ini. +1 +1 fin. -1 -1	0 4 0 4 0 4 0 4 0 4 0 4 0 4 0 4 0 4 0	0 4 0 4 0 4 0 4 0 4 0 4 0 4 0 4 0 4 0
mid. eos -1 ini. -1 ini. +1 ini. ini. -1	0 4 3 0 4 3 0 4 3 0 4 3 0 4 3 0 4 3 0	0 4 3 0 4 3 0 4 3 0 4 3 0 4 3 0 4 3 0
+1 eos ini. -1 ini. eos rep. -1 fin. +1 eos mid.	0 1	0 1
mid. +1 fin. eos fin. eos ini. rep. -1 ini. +1 +1 -1 -1 mid.	0 7 7 7 7 7 7 7 7 7 7 7 7 7 7 7 7 7 7	0 7 7 7 7 7 7 7 7 7 7 7 7 7 7 7 7 7 7
+1 fin. -1 eos fin. -1 ini. rep. mid.	0 1 8 4 8 4 8 4 8 4 8 4 8 4 8 4 8 4 8	0 1 8 4 8 4 8 4 8 4 8 4 8 4 8 4 8 4 8
mid. +1 eos eos ini. +1 fin. eos rep. +1 ini. +1 ini. ini.	0 6 13 0 6 13 0 6 13 0 6 13 0 6 13 0 6 13 0	0 6 13 0 6 13 0 6 13 0 6 13 0 6 13 0 6 13 0
